Age,Income,CreditScore,Utilization,PaymentHistory,ExistingLoans,DefaultHistory,EmploymentYears,Risk
34,42000.0,596,53.0,0,0,0,13,0
34,21600.0,495,66.8,1,0,0,0,0
18,44500.0,518,53.3,0,5,0,0,0
36,78200.0,555,50.4,0,2,0,1,1
48,33600.0,496,84.5,0,3,0,1,1
24,32600.0,368,55.4,1,2,0,0,1
52,94600.0,608,57.2,0,5,0,30,0
45,55500.0,506,46.1,1,3,0,3,0
31,44100.0,466,49.7,1,4,0,1,0
38,36300.0,487,77.7,0,3,0,18,1
59,36500.0,641,79.2,0,1,0,36,0
48,36400.0,652,78.2,0,2,1,8,0
40,31800.0,522,47.5,0,3,0,12,1
37,97200.0,547,34.1,1,2,0,11,0
40,89200.0,510,56.7,0,5,0,18,0
33,41100.0,530,64.2,1,3,0,8,0
18,60000.0,585,39.9,1,0,0,0,0
64,23700.0,539,77.4,1,2,0,9,0
41,57100.0,420,46.5,0,4,0,18,1
44,79600.0,601,75.1,1,4,0,9,0
39,79000.0,606,71.6,1,3,0,11,0
31,17100.0,399,82.2,0,4,0,7,1
37,24200.0,506,90.8,1,4,0,15,0
20,78000.0,540,49.8,1,2,0,0,0
67,38000.0,568,76.3,0,3,0,19,0
25,26300.0,436,91.6,1,2,0,3,0
27,64100.0,568,58.0,0,3,0,5,0
34,37400.0,485,61.2,0,4,0,11,0
55,35700.0,471,40.1,0,3,1,4,1
40,36100.0,413,64.3,0,5,0,9,1
25,42100.0,555,75.5,1,3,0,5,0
55,90000.0,630,58.2,0,1,0,13,0
48,18300.0,518,80.2,1,3,0,5,0
46,65800.0,535,45.6,1,1,0,13,0
48,51100.0,520,29.9,1,2,0,11,0
68,69800.0,551,44.7,1,1,0,26,0
66,32200.0,542,62.6,0,2,0,25,0
31,94300.0,450,37.6,0,3,0,11,0
59,77800.0,559,58.1,0,2,0,7,0
44,28100.0,500,98.0,0,4,1,9,1
45,46600.0,567,63.2,0,5,0,15,1
19,21800.0,457,68.0,1,3,0,0,1
37,25500.0,539,65.9,1,1,0,7,0
30,33200.0,560,68.6,0,5,0,8,1
49,69200.0,620,39.9,1,0,0,12,0
52,46900.0,574,63.0,0,5,0,28,0
18,43800.0,480,69.2,1,3,0,0,0
39,59800.0,488,59.2,0,5,0,19,1
53,37700.0,580,71.8,0,5,0,16,1
37,81900.0,639,53.8,0,4,0,18,0
48,26600.0,539,42.8,0,2,0,16,1
44,42800.0,626,72.4,1,5,0,6,0
44,39500.0,451,54.1,0,1,0,0,1
36,45900.0,460,45.2,1,1,0,13,0
25,57600.0,550,40.4,1,4,0,0,0
26,59200.0,524,62.8,0,5,0,4,1
48,63900.0,625,51.1,0,5,0,28,0
40,32300.0,511,41.9,0,4,0,1,1
38,34500.0,467,73.4,1,3,0,13,0
34,62500.0,519,33.4,0,0,0,0,1
36,43100.0,438,64.9,0,0,0,4,1
52,27000.0,474,72.8,1,2,0,18,0
35,67700.0,586,66.2,1,1,0,13,0
23,66600.0,556,80.1,0,3,0,4,1
48,48800.0,562,40.0,1,1,0,4,0
37,72400.0,460,50.3,0,3,0,1,1
40,26800.0,488,65.1,1,4,0,17,0
59,62500.0,519,61.5,0,2,0,30,0
39,37800.0,574,68.1,0,4,0,8,0
43,46600.0,503,56.1,1,1,0,9,0
25,34500.0,430,59.6,0,2,0,1,1
37,75500.0,550,33.1,1,5,0,17,0
47,22600.0,484,85.8,1,3,0,3,0
21,82100.0,598,54.1,1,3,0,1,0
42,113800.0,561,48.2,1,2,0,19,0
41,48300.0,460,56.0,0,4,0,16,1
40,29300.0,401,58.4,0,2,0,15,1
52,27900.0,530,52.7,1,4,1,17,0
44,24800.0,484,75.5,1,2,0,6,1
57,92100.0,534,27.6,1,4,0,0,0
28,27300.0,542,96.8,0,0,0,0,1
41,35800.0,551,46.1,0,2,0,17,0
41,78600.0,559,52.7,0,4,0,3,1
27,35800.0,557,89.2,0,5,0,6,0
51,47800.0,582,69.9,1,1,0,19,0
67,42500.0,535,65.7,1,1,0,35,0
39,51200.0,477,45.0,0,2,0,5,1
46,32300.0,565,46.4,0,2,0,27,0
41,44300.0,546,73.8,0,3,0,2,1
31,40200.0,510,86.5,0,4,0,5,1
18,28800.0,422,61.9,0,2,0,0,1
31,56700.0,549,40.2,0,1,0,12,1
23,48100.0,456,23.9,0,1,0,4,0
60,32800.0,547,52.2,0,1,0,35,0
38,32200.0,580,65.4,1,4,0,0,0
35,87200.0,524,69.1,1,0,0,5,0
50,29400.0,450,78.3,1,2,0,23,0
26,31200.0,430,72.1,0,0,0,4,1
30,25000.0,534,64.0,1,4,0,2,0
40,31300.0,524,58.7,1,5,0,3,0
52,83800.0,581,67.6,1,2,0,23,0
46,34300.0,500,69.3,0,3,0,5,1
42,36200.0,544,34.0,1,2,0,12,0
40,56700.0,494,47.2,1,2,0,4,0
44,28900.0,532,55.6,1,2,0,12,0
42,35300.0,482,57.7,0,2,0,9,1
27,92700.0,501,51.4,1,5,0,2,0
40,18200.0,466,71.1,1,2,0,12,0
27,33800.0,469,65.3,0,4,0,3,1
40,17900.0,495,92.5,0,2,0,9,1
34,93800.0,573,32.0,1,5,0,9,0
70,25600.0,381,97.7,0,4,0,2,1
39,21600.0,459,61.3,1,2,0,16,0
23,118000.0,544,34.1,0,2,0,0,1
38,25300.0,576,65.7,1,4,0,0,0
46,34700.0,472,68.0,1,2,0,17,0
60,24300.0,552,76.9,0,5,0,40,0
32,66200.0,604,60.0,0,1,0,4,0
21,67300.0,443,41.8,1,2,0,0,0
49,55700.0,573,40.9,1,3,0,8,0
23,54300.0,460,95.8,0,4,1,1,1
34,53100.0,495,51.5,0,5,0,2,1
36,76200.0,508,60.0,1,2,0,15,0
39,70200.0,511,27.8,0,2,0,2,1
48,45000.0,677,57.8,1,4,0,15,0
31,103800.0,607,36.6,1,0,0,4,0
36,53800.0,580,65.6,1,5,0,12,0
39,39800.0,542,23.3,1,5,0,2,0
41,22200.0,423,73.6,1,1,0,9,0
41,41900.0,543,46.0,1,1,0,21,0
45,80500.0,624,52.6,1,2,0,17,0
50,24600.0,481,54.6,1,4,0,5,0
44,61500.0,597,42.6,1,3,1,5,0
45,40100.0,565,59.9,1,2,0,17,0
21,49800.0,584,44.3,0,1,0,1,0
40,86000.0,545,38.5,1,2,0,5,0
45,50400.0,485,41.9,0,4,0,21,0
48,29100.0,506,40.9,1,5,0,27,0
31,48300.0,582,76.0,1,5,0,12,0
32,67400.0,439,33.6,0,5,0,13,1
33,36300.0,398,62.8,0,5,0,4,1
46,71200.0,567,62.8,1,3,0,6,0
52,87400.0,569,35.8,1,0,0,12,0
35,24800.0,495,57.7,0,3,1,14,0
50,26000.0,573,73.0,0,2,1,11,0
41,48000.0,502,77.6,0,1,0,20,0
38,70700.0,453,34.2,0,4,0,0,1
37,78200.0,654,46.5,1,2,0,2,0
48,40800.0,486,37.7,0,0,0,17,1
43,35400.0,468,59.9,0,4,0,21,1
67,26400.0,615,70.0,1,4,0,39,0
29,39800.0,478,51.2,0,4,0,1,1
46,45000.0,533,55.1,0,2,0,3,1
33,33300.0,523,45.5,1,0,0,1,0
29,29000.0,541,69.5,1,2,0,8,0
39,45000.0,506,77.8,0,4,0,12,0
41,89900.0,647,27.6,1,4,0,14,0
75,42400.0,485,53.7,1,1,0,1,0
37,66700.0,578,60.8,1,3,0,9,0
26,48300.0,458,78.8,1,2,0,1,0
43,63500.0,618,32.2,1,0,0,20,0
18,47800.0,490,58.4,0,4,0,0,1
38,68500.0,510,56.9,1,2,0,11,0
40,56400.0,569,55.9,1,3,0,4,0
49,60200.0,602,18.8,1,2,0,11,0
51,31000.0,565,75.1,1,3,0,22,0
33,56100.0,470,80.4,0,2,0,0,1
38,90600.0,542,45.5,0,1,0,1,0
30,27600.0,487,53.5,1,2,1,10,0
26,47500.0,497,53.3,0,5,0,7,1
43,58200.0,581,83.3,1,1,0,21,0
24,50200.0,397,73.6,0,3,0,1,1
35,22000.0,508,80.8,1,4,0,15,0
28,31400.0,472,72.8,1,4,0,3,0
46,27000.0,477,59.3,0,2,0,25,1
61,45100.0,529,58.9,0,0,0,15,1
24,21900.0,459,70.1,1,2,0,5,0
18,71600.0,327,59.6,0,1,0,0,1
38,30200.0,471,90.6,1,1,0,12,0
40,127200.0,563,45.9,0,3,0,11,0
42,47600.0,558,39.7,1,2,0,22,0
34,55300.0,483,61.2,0,3,0,9,1
37,63900.0,527,65.5,1,0,0,4,0
44,42100.0,607,72.4,1,4,1,7,0
52,27600.0,581,59.5,0,4,0,5,0
18,49700.0,530,98.0,0,2,0,0,1
35,40700.0,485,44.6,0,3,0,4,1
42,29000.0,540,52.1,1,3,0,19,0
28,50700.0,494,63.2,1,0,0,5,0
60,77900.0,588,80.6,1,3,0,5,0
32,41800.0,526,50.7,1,5,0,5,0
39,53100.0,501,54.8,0,5,0,16,0
46,28400.0,595,84.8,1,1,1,5,0
32,70100.0,526,51.7,0,5,0,0,1
18,28200.0,495,63.7,0,5,0,0,0
34,41000.0,581,72.1,1,1,0,4,0
52,50900.0,606,63.7,1,5,0,22,0
35,20900.0,420,87.1,0,5,0,16,1
29,24800.0,505,89.5,0,1,0,0,1
51,60200.0,604,60.5,1,2,0,12,0
36,35800.0,552,70.1,0,1,0,6,0
33,46700.0,456,64.5,1,1,0,5,0
41,71100.0,520,58.9,1,5,1,20,0
49,66000.0,613,54.4,0,4,0,5,0
68,73800.0,571,50.5,0,5,0,13,0
49,53200.0,536,76.7,1,2,1,15,0
53,41100.0,625,86.3,1,1,0,2,0
33,40500.0,504,41.2,0,0,0,8,1
27,39100.0,456,64.5,1,1,0,4,0
40,179600.0,615,5.0,0,2,0,17,0
41,39500.0,538,59.5,0,3,0,9,1
27,71300.0,458,57.5,0,5,0,6,1
37,60000.0,521,66.1,1,4,0,2,0
44,40400.0,545,62.2,1,4,0,0,0
44,31100.0,584,38.9,0,5,0,2,0
46,41800.0,567,48.8,1,5,0,24,0
43,48300.0,498,74.1,1,2,0,4,0
33,25900.0,550,28.5,0,1,0,6,0
33,41700.0,492,81.1,1,0,0,2,0
25,23800.0,411,78.3,0,1,0,3,1
61,119900.0,633,51.8,1,1,0,2,0
40,96300.0,648,38.5,0,0,1,3,0
37,43100.0,525,31.8,0,4,0,1,1
28,78300.0,534,55.1,1,1,0,4,0
75,31000.0,662,86.7,1,3,0,30,0
27,63400.0,445,68.5,0,3,0,4,1
34,26600.0,430,59.4,1,2,0,14,0
44,57600.0,464,58.3,0,2,0,1,1
47,51400.0,564,51.4,0,0,0,14,0
51,45100.0,555,49.7,1,0,0,21,0
61,44200.0,643,76.7,0,2,0,9,0
46,35300.0,539,47.9,1,5,0,19,0
27,24100.0,457,57.0,1,1,0,0,0
36,49400.0,521,43.7,0,5,0,13,0
43,113200.0,605,12.3,0,4,0,24,0
64,43100.0,487,64.9,0,3,0,45,1
23,101900.0,683,56.6,1,0,0,0,0
54,28800.0,562,65.7,1,2,0,31,0
42,40200.0,534,41.4,1,3,0,8,0
50,57300.0,588,69.7,1,5,0,16,0
38,49900.0,561,85.3,1,0,0,13,0
29,22700.0,473,61.2,0,0,1,5,1
49,40300.0,506,56.7,0,1,0,6,1
47,56700.0,580,65.1,1,0,0,1,0
51,77800.0,599,73.2,1,4,0,31,0
39,34500.0,471,58.4,0,0,0,7,1
32,37900.0,572,44.8,0,4,0,7,1
21,50600.0,507,69.2,0,5,0,1,1
49,91800.0,626,55.3,1,1,0,24,0
45,35300.0,594,66.0,1,4,0,2,0
28,63200.0,520,46.3,1,5,0,1,0
33,62800.0,544,69.8,0,3,1,1,1
34,102600.0,611,46.9,1,0,0,5,0
22,60500.0,468,44.3,0,2,0,2,1
30,80800.0,543,48.4,1,2,0,5,0
26,41100.0,499,43.3,1,4,0,2,0
35,71200.0,493,61.8,0,1,0,2,1
31,51200.0,629,55.6,1,4,0,4,0
20,33200.0,402,60.2,0,5,0,1,1
64,53300.0,516,58.2,1,5,0,33,0
55,54400.0,630,58.8,1,4,0,23,0
30,25600.0,521,83.2,1,4,0,3,0
43,145400.0,580,30.7,1,3,0,15,0
45,63300.0,583,52.3,1,5,0,16,0
54,29000.0,610,79.8,0,3,1,33,0
30,66400.0,524,59.5,0,4,0,3,0
53,84800.0,720,39.7,1,1,0,6,0
33,75100.0,454,48.1,1,0,0,1,0
23,39600.0,520,61.9,0,5,0,1,0
48,24400.0,578,77.8,1,2,0,27,0
55,76500.0,631,43.9,1,3,0,33,0
71,80100.0,611,42.1,1,5,0,50,0
25,65600.0,501,83.3,0,0,0,0,1
48,15000.0,533,88.1,1,3,0,28,0
35,61000.0,571,44.2,1,5,0,3,0
49,37300.0,565,73.7,1,3,0,13,0
22,26900.0,522,71.0,1,3,0,0,0
24,44900.0,441,67.9,1,4,0,0,0
30,22500.0,471,73.0,0,4,0,6,1
40,33400.0,466,84.5,0,3,1,7,1
32,28000.0,472,74.0,1,3,0,10,0
47,43800.0,588,61.6,1,2,0,18,0
52,78300.0,587,64.3,0,0,0,10,1
47,73400.0,697,54.1,0,0,0,19,0
59,103000.0,630,40.6,1,1,0,35,0
44,99100.0,590,45.1,1,1,1,17,0
25,29100.0,484,67.0,1,1,0,5,0
56,38300.0,518,64.8,1,4,0,37,0
32,29400.0,490,59.5,1,4,0,8,0
50,44100.0,600,51.1,0,2,0,15,0
58,25900.0,547,54.7,1,4,0,17,0
45,41800.0,492,42.4,0,1,0,0,1
22,45100.0,442,48.8,0,5,0,3,1
28,50100.0,483,57.3,0,3,0,0,1
55,34100.0,547,67.9,1,1,0,0,0
37,51000.0,584,55.5,1,2,1,18,0
40,58100.0,471,21.4,0,3,0,20,1
49,25100.0,507,93.6,0,4,0,28,0
48,50900.0,554,75.9,0,3,0,27,1
43,46300.0,440,68.2,1,5,0,24,0
37,52300.0,484,87.7,1,2,0,9,0
36,31600.0,469,52.7,0,4,0,17,1
50,51100.0,511,87.9,1,0,0,11,0
46,40300.0,541,49.4,1,1,0,27,0
36,21200.0,485,75.1,1,5,0,16,0
52,17600.0,493,53.9,1,5,0,31,0
38,70500.0,567,52.0,1,1,0,0,0
29,46900.0,591,67.0,1,2,0,7,0
30,45400.0,587,59.5,1,2,0,9,0
28,30200.0,390,78.6,0,5,0,9,1
36,29100.0,529,69.8,1,1,0,9,0
54,61200.0,560,47.7,1,3,0,1,0
30,59800.0,527,47.6,0,0,0,2,1
42,51100.0,515,71.7,1,0,0,1,0
32,79300.0,549,38.5,1,2,0,5,0
36,24100.0,503,84.1,0,2,0,11,0
21,49100.0,462,78.7,0,3,0,1,1
37,30900.0,460,42.6,1,2,0,18,0
37,34500.0,486,83.2,1,0,0,14,0
46,32900.0,536,97.8,0,1,0,18,1
42,22800.0,536,74.7,1,5,0,11,0
25,47100.0,539,70.2,0,0,0,1,1
53,52800.0,534,74.5,0,3,0,1,1
42,97700.0,595,36.8,0,1,0,10,0
42,60200.0,592,58.6,1,1,0,11,0
39,61500.0,597,35.7,1,5,0,4,0
33,71100.0,534,53.7,0,0,0,10,0
42,51300.0,524,67.0,1,1,0,23,0
45,48600.0,548,68.3,1,1,0,5,0
19,43600.0,424,78.6,0,2,0,0,1
33,27300.0,483,57.5,1,1,0,8,0
36,59400.0,568,48.3,1,3,0,10,0
43,29200.0,547,96.7,0,1,0,20,0
54,48000.0,542,58.5,1,2,0,35,0
30,57800.0,528,59.9,1,4,0,8,0
34,27000.0,453,68.2,1,4,1,11,0
33,45300.0,546,49.6,0,3,0,9,0
30,26300.0,482,93.8,1,5,0,10,1
35,45300.0,501,54.0,1,5,0,13,0
49,43100.0,522,45.9,0,3,0,4,0
27,51500.0,502,52.6,0,1,0,0,1
45,23700.0,491,40.5,1,1,1,4,0
19,35600.0,506,56.0,0,4,0,0,1
33,44800.0,491,47.5,1,4,0,14,0
36,37900.0,589,74.1,0,0,0,4,0
60,24900.0,618,60.0,1,4,0,36,0
36,80000.0,507,61.3,1,4,0,17,0
18,79400.0,518,69.2,0,3,0,0,1
18,51000.0,454,71.3,1,0,0,0,1
40,30600.0,494,64.5,1,5,0,5,1
47,30200.0,624,70.0,1,0,0,20,0
44,82000.0,554,24.3,0,1,0,17,0
42,49700.0,551,58.1,1,1,0,9,0
53,25500.0,558,56.9,1,0,0,30,0
33,15900.0,431,84.1,1,0,0,13,0
50,61900.0,519,93.8,1,1,0,23,0
20,23600.0,403,78.1,0,3,0,1,1
29,32400.0,446,37.2,1,3,0,10,0
18,37500.0,331,59.6,1,3,0,0,1
36,52200.0,551,61.0,1,3,0,12,0
39,38600.0,619,65.9,0,1,0,19,0
41,82900.0,572,35.9,0,2,1,2,0
40,28700.0,437,72.2,0,4,1,15,1
28,38700.0,462,45.9,1,4,0,6,0
37,49100.0,500,46.2,0,4,0,11,1
22,37200.0,430,74.8,1,4,0,0,0
56,25600.0,580,54.5,0,1,0,14,0
36,17000.0,529,81.3,1,2,0,7,0
34,26000.0,436,49.1,0,1,0,6,1
59,45900.0,600,88.1,1,2,0,0,0
25,18400.0,544,61.0,1,1,1,4,0
26,41600.0,588,60.0,0,0,0,4,0
26,69500.0,664,57.2,0,2,0,6,0
39,55900.0,488,49.2,0,4,0,7,1
45,105600.0,736,39.9,1,2,0,13,0
48,54200.0,532,67.0,1,5,0,9,0
70,51000.0,561,74.0,1,3,1,26,0
18,24600.0,476,82.0,0,2,0,0,1
47,108300.0,573,34.1,1,5,0,18,0
33,52900.0,538,56.6,0,3,0,7,0
32,62300.0,460,90.3,1,5,0,2,0
32,52300.0,504,73.3,0,3,0,3,1
29,106900.0,629,23.4,0,0,1,9,0
60,39100.0,556,65.9,1,2,0,34,0
50,61200.0,568,50.5,1,5,0,3,0
40,24000.0,527,68.4,1,0,1,15,0
56,31500.0,602,49.0,0,4,0,35,0
21,100200.0,459,33.7,1,2,0,0,0
24,56300.0,533,84.7,1,1,1,3,0
18,41400.0,464,72.1,1,1,0,0,0
31,55200.0,525,20.6,1,1,0,12,0
41,31100.0,566,85.8,1,5,0,19,0
41,69500.0,491,68.5,1,5,0,12,0
41,93800.0,525,37.1,0,3,0,20,1
23,69000.0,418,63.2,0,1,0,0,1
49,23000.0,493,57.9,1,4,0,22,0
42,96500.0,647,34.4,0,5,0,15,0
48,80800.0,570,70.2,1,2,0,27,0
18,25700.0,394,65.6,1,5,0,0,1
43,70400.0,532,23.8,1,2,0,24,0
25,83600.0,459,45.6,0,5,0,0,1
35,45500.0,459,60.6,1,3,0,5,0
46,17900.0,529,90.8,1,3,0,2,0
41,23200.0,446,70.9,0,3,0,19,1
29,44000.0,557,56.1,1,4,0,7,0
40,47800.0,524,76.6,0,5,0,3,1
21,64100.0,510,56.2,1,2,0,0,0
53,30200.0,522,56.7,1,5,0,0,0
37,23000.0,535,88.1,1,0,1,12,0
53,45500.0,590,64.7,1,3,0,25,0
33,46200.0,528,61.6,0,1,1,1,1
33,63300.0,557,57.3,0,0,0,6,0
30,84000.0,533,30.4,1,0,0,9,0
50,73900.0,600,42.5,0,3,0,22,0
31,36000.0,481,65.7,0,1,0,2,1
47,42400.0,536,60.1,0,3,0,16,1
35,81000.0,537,66.7,1,3,0,12,0
18,27300.0,440,72.4,0,1,0,0,1
33,67300.0,498,65.9,1,0,0,12,0
25,27800.0,501,69.0,0,0,0,1,0
40,99200.0,644,56.2,1,5,0,13,0
25,92800.0,601,48.8,1,1,0,2,0
51,30700.0,469,67.9,1,0,0,30,0
38,58400.0,598,56.4,1,4,0,10,0
37,46100.0,504,47.3,0,3,1,9,1
47,75500.0,599,57.4,1,4,0,6,0
51,58900.0,515,55.8,1,4,0,9,0
39,48200.0,533,53.2,0,5,0,0,1
30,68400.0,544,69.2,1,5,0,2,0
18,86100.0,447,26.8,1,5,0,0,0
31,63600.0,556,48.2,1,4,0,12,0
32,103000.0,634,54.2,1,2,0,1,0
41,34300.0,507,71.0,1,2,0,16,0
35,52400.0,590,58.3,1,4,0,2,0
48,83300.0,569,50.5,0,3,0,25,0
32,28800.0,535,71.2,0,4,0,7,0
39,82400.0,449,24.3,1,4,0,5,0
54,75800.0,704,44.4,1,5,0,25,0
44,94300.0,657,66.5,1,5,0,8,0
39,23800.0,487,60.6,0,5,1,10,1
32,39300.0,404,59.5,1,2,0,5,1
32,23200.0,501,62.6,0,4,0,1,1
29,99700.0,485,38.8,1,3,0,8,0
33,24300.0,512,61.5,0,3,0,1,1
49,70600.0,589,59.0,1,5,0,18,0
37,42100.0,469,66.1,0,5,0,17,0
23,34900.0,536,77.6,1,4,1,4,0
61,69300.0,631,36.5,0,3,0,17,0
43,41200.0,575,58.4,1,4,0,11,0
23,68600.0,515,49.2,1,2,0,3,0
34,17700.0,414,79.8,1,4,0,14,0
41,61100.0,592,43.7,0,5,0,10,1
60,57400.0,563,70.8,0,0,0,26,0
26,46100.0,428,79.3,0,2,0,2,1
51,44900.0,614,47.2,1,3,0,4,0
56,44600.0,661,54.8,1,3,0,5,0
32,20500.0,482,63.8,0,5,0,12,1
36,62100.0,642,94.6,0,5,0,9,0
27,37500.0,496,58.5,0,2,0,7,1
37,72100.0,527,76.3,1,5,0,13,0
39,94900.0,541,23.0,0,0,0,3,0
47,19000.0,594,57.6,0,2,0,19,0
53,50000.0,516,49.7,0,5,0,31,1
31,24300.0,523,57.6,1,1,0,11,0
18,19600.0,427,68.1,0,0,0,0,1
39,29800.0,484,57.4,0,2,0,14,0
43,45800.0,583,49.4,1,1,0,9,0
42,47900.0,512,78.2,1,4,0,10,0
36,48400.0,500,79.0,1,0,0,8,0
41,41800.0,580,77.5,1,4,0,10,0
58,38600.0,634,72.4,1,1,0,1,0
44,111900.0,632,36.6,1,3,1,12,0
35,85800.0,523,38.2,0,3,0,7,1
33,82300.0,522,32.8,1,5,1,12,0
37,89100.0,567,49.8,1,3,0,7,0
59,29500.0,563,50.6,1,4,0,0,0
37,48000.0,472,45.9,0,0,0,5,0
39,29000.0,543,85.7,0,4,0,12,1
34,144700.0,616,50.6,1,4,0,8,0
53,65400.0,485,59.8,0,3,0,27,0
63,24000.0,503,87.0,1,4,0,5,1
45,53000.0,517,55.1,0,1,0,14,1
40,81000.0,557,27.5,1,2,0,15,0
40,29200.0,603,77.5,1,2,0,3,0
18,56700.0,504,65.9,1,2,0,0,0
48,80400.0,534,48.9,1,5,0,27,0
41,46200.0,539,57.9,1,3,1,16,0
45,62700.0,535,69.4,0,3,0,8,1
31,82700.0,560,32.2,0,2,0,11,0
35,64700.0,563,42.5,1,0,0,11,0
35,15000.0,545,58.9,1,5,0,5,0
52,81300.0,584,48.8,1,2,0,8,0
35,23400.0,575,54.3,1,4,0,4,0
64,55100.0,628,47.7,1,2,0,2,0
45,76800.0,531,38.7,1,2,0,1,0
24,41800.0,600,59.4,0,0,0,1,1
38,60300.0,552,33.6,1,3,0,14,0
32,32500.0,454,68.3,1,3,0,8,0
18,53500.0,572,77.3,1,4,0,0,0
59,75700.0,697,51.8,1,2,0,8,0
48,49300.0,543,83.4,1,1,0,13,0
46,92600.0,559,63.0,0,4,0,4,0
41,77300.0,550,60.7,1,3,0,8,0
23,49900.0,531,61.2,1,0,0,3,0
34,43700.0,575,62.9,0,3,0,1,0
50,44700.0,573,73.6,1,3,0,18,0
27,41600.0,500,57.5,0,0,0,0,1
18,60500.0,571,27.5,1,2,0,0,0
37,26200.0,484,76.9,1,2,0,0,0
38,54900.0,582,41.1,0,3,0,11,0
41,30400.0,497,53.4,0,4,0,10,0
48,16700.0,534,73.3,1,1,0,0,0
47,34600.0,522,64.7,1,4,1,13,0
43,61700.0,544,34.1,0,5,0,10,0
54,45300.0,534,64.4,1,4,0,6,0
21,54200.0,563,72.8,1,3,0,1,0
46,33900.0,489,49.5,0,3,0,14,1
47,70200.0,527,71.0,0,1,1,7,1
25,22200.0,578,47.7,0,1,0,5,0
21,52100.0,542,90.9,0,1,0,0,1
31,81700.0,424,41.2,0,3,0,9,1
32,39800.0,475,66.3,0,3,0,7,1
49,48000.0,455,32.4,0,4,0,28,0
32,47300.0,463,60.1,1,3,0,9,0
29,57800.0,358,60.3,0,5,0,2,1
32,93400.0,550,41.4,0,2,0,2,1
53,84000.0,532,37.9,0,2,0,20,0
40,23700.0,506,56.3,1,1,0,5,0
37,28300.0,421,85.6,1,3,0,7,0
38,55900.0,536,58.1,0,5,0,10,0
55,35500.0,524,88.9,0,2,0,31,0
31,88800.0,625,36.6,1,4,0,7,0
55,20800.0,601,65.1,0,0,0,9,0
42,72100.0,595,63.4,0,4,0,22,0
38,45700.0,505,37.4,0,0,1,3,1
70,23700.0,662,52.3,0,5,0,47,0
27,55600.0,431,74.2,1,4,0,3,0
35,34600.0,434,48.6,0,2,0,5,1
25,56200.0,502,30.2,1,3,0,5,0
51,43800.0,658,90.5,0,0,0,22,0
60,55700.0,565,36.8,1,3,1,4,0
60,64300.0,575,57.0,1,5,0,20,0
54,38800.0,474,65.5,1,3,0,5,0
37,78300.0,599,6.5,1,2,0,16,0
35,115500.0,633,29.8,0,5,0,16,0
19,59900.0,537,62.8,0,1,0,0,1
64,47600.0,544,66.3,0,1,0,24,0
45,29400.0,484,81.8,0,0,0,23,1
34,36500.0,439,59.6,1,2,1,5,0
55,39300.0,553,75.0,0,3,1,12,1
28,18000.0,419,62.5,0,4,1,0,1
44,29000.0,458,47.2,0,4,0,13,1
37,65300.0,518,34.4,1,5,0,1,0
47,27000.0,496,47.3,0,0,0,25,1
39,40300.0,491,79.0,0,0,0,18,0
22,39800.0,507,41.4,1,0,0,1,0
40,41600.0,525,67.5,0,2,0,2,1
52,36400.0,525,61.4,0,4,0,1,1
39,30900.0,518,66.1,1,5,0,1,0
49,38300.0,486,85.1,0,2,0,21,1
27,32800.0,492,60.3,0,5,0,6,1
39,101300.0,586,48.7,0,2,0,3,0
32,54300.0,443,58.8,0,3,0,0,1
48,35100.0,580,63.7,0,2,0,5,0
40,61800.0,497,89.8,1,2,1,6,0
48,35000.0,535,44.4,1,3,0,19,0
53,94100.0,658,61.7,0,1,0,5,0
48,60100.0,602,65.8,0,3,0,8,0
43,93600.0,581,35.4,0,0,0,19,0
28,31200.0,469,91.9,1,1,0,9,1
39,15700.0,541,46.0,1,4,0,3,0
33,93500.0,593,34.8,0,5,0,9,0
35,33800.0,472,48.3,1,2,0,4,0
35,22200.0,452,77.3,0,1,0,9,1
28,50100.0,402,43.3,0,4,0,1,1
18,100800.0,544,46.2,0,3,0,0,1
31,32500.0,490,64.2,1,3,0,8,0
42,52900.0,593,51.7,0,0,0,0,0
23,77900.0,541,54.7,0,0,0,4,1
40,64500.0,611,50.2,1,1,0,4,0
62,38300.0,527,48.4,1,5,0,39,0
52,36000.0,596,98.0,1,2,0,21,0
59,37400.0,528,57.7,1,3,0,21,0
44,105900.0,632,5.0,0,1,0,21,0
54,26500.0,461,56.8,0,1,0,14,0
31,31100.0,504,48.5,0,5,0,0,1
32,38500.0,403,77.0,0,1,0,2,1
18,49000.0,471,65.2,0,0,0,0,1
54,45300.0,575,67.9,1,5,0,27,0
58,53500.0,543,53.0,0,3,0,21,0
33,15600.0,429,69.6,0,0,0,4,1
36,36000.0,550,60.0,0,0,0,9,1
30,38700.0,493,63.3,0,5,0,0,1
44,35000.0,498,78.5,0,5,0,4,1
53,57900.0,565,61.9,0,1,0,17,0
19,35200.0,605,73.4,0,4,0,0,1
44,26600.0,572,76.9,1,4,1,16,0
36,56600.0,586,70.6,0,4,0,3,1
41,38200.0,541,69.0,0,1,0,21,0
45,37300.0,535,70.5,1,2,0,6,0
37,47300.0,401,78.9,1,3,0,4,1
38,53300.0,495,48.7,0,1,0,7,1
37,61200.0,511,42.7,1,1,0,7,0
51,78200.0,486,30.9,1,0,0,8,0
45,33600.0,465,69.3,0,4,0,18,0
42,96100.0,481,13.7,0,5,0,18,1
24,55900.0,502,64.6,0,1,0,0,0
35,67300.0,578,51.5,1,2,0,16,0
50,89000.0,644,61.4,1,3,0,15,0
40,72100.0,572,41.1,1,2,0,6,0
47,41400.0,487,60.4,1,1,0,25,0
61,23300.0,448,87.5,1,1,0,21,0
52,29900.0,446,88.8,0,0,0,29,1
41,69600.0,488,42.0,0,2,0,20,0
33,118900.0,540,35.2,1,0,0,2,0
18,26100.0,454,74.0,1,5,0,0,0
37,23600.0,446,76.2,0,2,0,7,1
36,45900.0,534,57.7,1,4,0,4,0
44,43300.0,519,81.9,1,5,0,25,0
38,35500.0,512,37.5,0,4,0,5,1
36,53400.0,582,52.3,1,2,1,1,0
18,36300.0,413,72.2,1,0,1,0,1
28,96900.0,573,48.1,1,4,0,7,0
45,72100.0,561,71.4,1,1,0,24,0
60,82900.0,586,64.8,1,3,1,12,0
38,37400.0,557,60.8,1,0,0,5,0
43,67000.0,596,72.7,1,5,0,5,0
51,19800.0,474,61.4,0,5,0,1,1
30,22500.0,473,85.0,1,2,0,9,0
44,61900.0,563,82.4,1,5,0,23,0
31,87700.0,536,63.1,1,3,0,4,0
50,80700.0,609,49.3,1,3,0,10,0
41,33200.0,529,61.8,1,1,0,10,0
43,31000.0,608,44.7,1,5,0,23,0
30,60100.0,443,60.6,1,0,0,7,0
48,84100.0,573,29.6,1,3,0,14,0
65,56600.0,541,45.5,1,0,0,43,0
27,18900.0,503,54.6,1,1,0,2,0
35,69500.0,458,45.3,1,2,0,4,0
42,72600.0,573,50.5,0,3,1,5,0
49,30000.0,496,72.1,0,3,0,1,1
33,78000.0,507,39.8,0,3,0,7,1
18,30700.0,394,83.7,0,5,0,0,1
56,82200.0,570,44.0,0,0,0,36,0
49,28100.0,580,57.0,0,3,0,21,0
19,29000.0,465,71.8,0,0,0,0,1
32,130200.0,625,57.4,1,5,0,0,0
58,25000.0,624,75.0,1,4,0,33,0
57,29600.0,556,62.7,0,4,1,10,0
51,44100.0,518,39.4,0,0,1,10,0
37,96900.0,594,37.9,1,5,1,8,0
40,63400.0,516,58.2,0,4,1,5,1
38,42300.0,493,57.3,1,1,0,1,0
53,65500.0,495,28.8,1,1,0,31,0
29,118300.0,622,19.9,1,4,0,0,0
30,15900.0,456,95.5,0,2,0,3,1
52,15600.0,528,95.3,1,0,0,32,0
39,20500.0,446,58.5,0,4,0,10,1
56,33200.0,566,76.8,0,0,1,8,1
31,24500.0,448,52.5,0,5,0,1,1
39,45200.0,516,83.0,1,4,0,6,0
28,40000.0,539,67.7,0,1,0,2,0
40,23100.0,542,85.0,1,5,0,17,0
22,44400.0,487,36.5,1,2,0,0,0
34,53000.0,432,69.0,0,0,0,3,1
22,17300.0,610,73.0,1,2,0,2,0
48,31700.0,614,80.1,1,1,0,22,0
48,80500.0,612,61.5,1,3,0,8,0
19,125900.0,526,30.6,0,3,0,0,1
56,61800.0,568,46.3,1,0,0,34,0
69,65800.0,576,65.4,0,5,0,22,0
40,100100.0,643,39.1,1,1,0,21,0
32,38900.0,516,51.4,0,0,0,9,0
73,31700.0,538,53.5,0,5,0,47,0
24,80000.0,504,25.8,1,0,0,1,0
40,54000.0,590,50.8,1,0,0,4,0
42,70000.0,634,68.5,1,2,0,22,0
56,87700.0,676,47.6,1,4,0,27,0
44,61100.0,586,47.6,0,1,0,18,0
34,72700.0,528,63.0,1,2,0,0,0
28,52600.0,346,46.5,1,5,0,4,1
35,62900.0,547,56.3,0,4,0,3,1
27,45300.0,499,59.2,0,0,0,0,0
40,38200.0,525,76.4,0,3,0,3,1
33,71700.0,540,27.6,0,2,0,3,0
22,53700.0,431,45.8,0,1,0,0,1
55,34300.0,572,41.7,0,1,1,7,0
34,31400.0,530,63.6,1,4,0,1,0
24,51900.0,533,77.4,0,2,0,4,1
37,45000.0,566,54.4,1,0,0,5,0
40,36000.0,546,57.9,1,4,0,10,0
19,69000.0,486,65.5,1,5,0,0,0
43,53900.0,536,74.4,0,1,0,3,0
27,42100.0,500,61.8,0,5,0,4,1
60,37500.0,562,75.3,1,2,0,21,0
46,39800.0,581,47.9,1,3,0,8,0
35,35800.0,538,86.3,0,5,0,1,1
31,77300.0,643,81.3,0,0,0,10,1
38,55300.0,641,65.7,1,1,0,0,0
47,25600.0,523,38.5,1,2,0,3,0
39,40100.0,326,55.6,0,3,0,11,1
37,63400.0,599,63.8,1,1,0,4,0
40,47100.0,500,54.8,0,3,0,8,1
32,71000.0,494,70.7,1,1,0,5,0
35,85700.0,535,54.5,1,4,0,3,0
18,41400.0,455,52.8,1,4,0,0,0
51,74000.0,606,50.9,1,4,0,1,0
43,93100.0,501,29.3,1,2,0,15,0
30,99300.0,505,37.5,1,4,0,4,0
62,89300.0,630,36.0,0,2,0,21,0
41,33100.0,546,84.4,1,0,0,10,0
27,28500.0,514,98.0,0,4,0,0,0
50,35100.0,495,44.5,1,2,0,14,0
44,41900.0,481,34.4,0,1,1,23,0
44,18600.0,481,68.9,1,2,0,3,0
34,71000.0,550,28.8,1,5,1,14,0
45,18000.0,582,73.5,1,2,0,17,0
36,23900.0,393,81.7,0,5,0,16,1
46,37400.0,518,87.5,0,1,0,6,1
18,19400.0,388,75.3,0,2,0,0,1
34,28100.0,413,65.9,0,1,1,1,1
60,85100.0,653,16.3,1,5,0,9,0
30,68200.0,555,53.1,0,3,0,0,1
32,52400.0,538,60.1,0,4,0,1,0
34,27900.0,541,78.4,0,5,0,0,1
25,31300.0,457,56.9,0,0,0,5,1
18,17400.0,431,66.5,1,2,0,0,0
37,38800.0,622,42.3,1,1,1,2,0
41,38400.0,508,30.3,0,4,0,16,0
39,51100.0,565,42.9,0,2,0,11,1
38,26100.0,502,46.0,0,4,0,11,0
40,67000.0,454,58.2,0,3,0,19,1
52,32000.0,433,59.4,1,2,0,6,0
37,80200.0,525,39.9,1,1,0,9,0
33,55900.0,574,42.9,1,3,0,1,0
36,39600.0,550,15.7,1,2,0,5,0
46,34200.0,571,88.9,0,4,0,6,0
56,54100.0,516,43.3,1,3,0,29,0
32,87000.0,631,39.0,1,1,0,11,0
41,64100.0,497,32.5,1,2,0,16,0
44,93200.0,591,57.3,1,4,0,17,0
28,59500.0,514,58.3,0,4,0,1,1
40,51500.0,522,47.0,1,5,0,20,0
22,25300.0,536,64.0,0,3,0,0,0
18,39900.0,440,89.2,0,2,1,0,1
44,45800.0,466,60.6,0,5,0,10,1
35,29200.0,500,65.6,1,4,0,1,0
42,53000.0,516,44.7,1,3,0,15,0
39,43400.0,690,34.2,0,0,0,2,0
28,83400.0,573,44.2,0,4,0,3,1
39,54300.0,511,63.1,0,3,1,0,1
25,72600.0,469,67.4,1,0,0,4,0
56,56300.0,474,23.8,1,3,1,19,0
23,66100.0,460,36.7,0,4,0,2,1
37,56300.0,536,48.8,0,0,0,0,1
27,125400.0,650,29.8,1,3,0,4,0
46,36100.0,584,63.4,1,2,0,0,1
36,24500.0,507,68.4,0,0,0,10,1
33,49400.0,499,66.3,1,3,0,4,0
50,53600.0,567,45.0,1,2,0,8,0
40,43900.0,497,76.5,1,0,0,4,1
46,25000.0,602,76.5,1,3,0,1,0
28,118300.0,564,27.9,1,4,0,1,0
23,19200.0,460,96.4,1,0,0,1,0
41,68400.0,439,76.0,1,0,0,11,0
36,40300.0,502,77.9,1,2,1,13,0
47,24900.0,560,24.8,1,5,0,4,0
39,89000.0,513,68.1,0,5,1,9,1
42,44000.0,490,74.3,1,3,0,19,0
20,94700.0,574,72.2,1,4,0,1,0
62,47300.0,497,79.6,1,2,0,3,1
38,45900.0,574,85.3,1,0,0,11,0
48,48700.0,518,73.7,1,5,0,10,0
29,61600.0,500,75.6,1,2,0,3,0
43,41100.0,470,93.5,0,2,0,10,1
24,77100.0,544,52.4,1,2,0,0,0
45,44300.0,657,38.7,0,0,0,9,0
35,29300.0,538,63.7,1,1,0,5,0
40,22600.0,459,76.8,1,2,0,14,0
48,46900.0,599,62.4,1,1,0,9,0
25,23600.0,457,51.8,0,5,0,6,1
31,73000.0,603,26.3,1,4,0,5,0
45,26600.0,556,58.3,1,5,0,20,0
65,47800.0,430,73.0,1,4,0,5,1
38,36100.0,461,89.3,1,4,0,0,1
47,69000.0,610,66.1,0,5,0,28,0
38,51900.0,535,75.1,1,3,0,19,0
63,37400.0,512,63.8,0,0,0,29,0
19,25300.0,431,43.8,0,1,1,0,1
41,87300.0,473,38.3,0,3,0,20,1
20,42700.0,478,59.0,1,1,0,1,0
18,18400.0,564,65.2,0,0,0,0,1
43,35900.0,562,66.5,1,2,0,3,0
41,69500.0,660,58.8,1,5,0,22,0
36,67800.0,583,65.7,0,3,0,13,1
38,57600.0,585,52.8,0,0,0,19,0
75,15000.0,663,45.4,1,5,0,21,0
36,43400.0,534,55.4,0,3,1,7,1
46,16500.0,499,74.0,1,4,0,10,0
32,25700.0,541,88.1,1,3,0,2,0
43,58700.0,617,48.0,1,2,0,7,0
37,44300.0,494,70.0,0,2,1,12,1
35,24700.0,458,74.5,0,1,0,16,1
61,42500.0,571,63.7,1,3,0,37,0
54,32900.0,582,80.8,1,4,0,24,0
41,28100.0,549,58.9,1,2,0,14,0
18,31000.0,395,59.0,0,1,0,0,1
35,37600.0,603,64.8,1,4,0,12,0
72,77000.0,588,39.6,1,4,0,25,0
37,55600.0,516,65.4,0,4,0,17,0
53,32100.0,493,56.4,0,0,0,10,0
57,35700.0,684,69.1,1,2,0,12,0
42,85900.0,581,44.1,0,0,0,0,1
29,23800.0,439,73.7,1,0,0,1,1
18,59600.0,538,49.3,1,2,0,0,0
48,77500.0,611,43.9,1,3,0,4,0
30,30400.0,481,69.3,0,5,0,5,1
42,51500.0,577,62.4,0,1,0,0,1
25,27700.0,436,68.8,1,5,1,6,0
36,71600.0,518,76.9,0,5,0,3,1
40,39800.0,419,49.2,1,5,0,8,0
43,72500.0,492,50.0,0,5,0,14,1
26,105300.0,647,14.3,1,2,0,6,0
54,33400.0,623,72.2,1,5,0,5,0
32,33300.0,500,49.9,1,1,0,8,0
19,79700.0,600,43.9,0,3,0,0,1
38,82900.0,550,41.3,1,2,0,16,0
40,43200.0,510,67.0,0,5,0,19,0
41,41100.0,525,55.3,1,4,0,17,0
56,27900.0,533,59.9,0,2,0,21,0
37,69900.0,533,73.6,1,3,0,3,0
38,62700.0,595,59.2,1,5,0,8,0
26,53600.0,513,50.1,1,0,0,5,0
49,48300.0,581,56.9,0,2,0,2,1
42,15800.0,551,98.0,1,4,0,0,0
34,24000.0,511,66.9,1,2,0,10,0
18,76300.0,463,39.2,0,0,0,0,1
57,60300.0,506,45.6,0,2,0,0,1
25,61200.0,518,47.3,1,4,0,3,0
32,21400.0,476,62.5,0,3,0,8,1
44,19200.0,511,53.1,0,4,0,8,0
25,45900.0,495,44.8,1,3,0,4,1
22,68800.0,641,40.1,1,4,1,2,0
18,40100.0,409,72.8,0,1,0,0,1
48,22800.0,419,65.2,0,2,0,17,1
33,46100.0,528,58.5,1,2,0,8,0
75,30400.0,561,86.9,1,0,0,44,0
28,124100.0,595,49.8,1,1,0,7,0
28,42700.0,527,58.7,0,0,1,9,1
33,41700.0,571,53.9,1,2,0,9,0
42,46900.0,455,48.3,1,0,0,21,0
34,43500.0,483,73.0,0,3,1,6,1
47,43700.0,559,59.5,0,1,0,27,0
28,67600.0,562,47.1,1,4,0,5,0
23,74200.0,629,38.1,1,3,1,4,0
18,43400.0,527,51.1,1,5,0,0,0
18,52800.0,485,63.7,1,4,0,0,0
33,30300.0,451,48.2,0,0,0,3,1
36,40200.0,483,78.9,0,2,0,6,1
32,41300.0,475,55.5,1,3,0,3,0
54,23500.0,564,68.4,1,1,0,9,0
54,87000.0,607,25.1,1,4,0,9,0
35,74500.0,478,50.0,0,5,0,12,1
18,86100.0,500,40.6,1,3,0,0,0
33,47200.0,557,60.4,0,2,0,14,0
32,27700.0,509,91.0,0,1,1,11,1
32,29300.0,521,71.0,1,1,1,11,0
31,34000.0,515,54.5,0,4,1,5,0
32,47800.0,593,50.2,0,3,0,3,1
35,100500.0,582,48.7,0,3,0,11,0
32,27400.0,472,88.5,0,1,0,2,1
42,56500.0,494,61.6,1,0,0,10,0
44,69100.0,569,62.7,1,1,0,5,0
29,41900.0,377,72.4,0,2,0,0,1
55,28000.0,528,90.1,0,3,0,1,1
28,87400.0,533,15.8,0,4,1,6,1
20,41700.0,413,73.3,1,3,0,0,1
44,25100.0,466,84.7,0,1,0,3,1
30,18600.0,519,52.5,1,2,0,4,0
43,64400.0,561,41.0,1,0,0,14,0
18,129200.0,570,15.6,1,3,0,0,0
56,36400.0,563,54.5,1,1,0,9,0
48,38600.0,539,57.3,1,5,0,16,0
21,65600.0,569,57.4,0,1,0,1,1
22,51500.0,501,72.4,1,1,0,3,0
60,91300.0,538,59.7,1,2,1,23,0
31,40000.0,583,51.4,1,1,0,9,0
29,34000.0,510,53.7,1,1,0,3,0
18,46900.0,453,81.0,0,1,0,0,1
35,64700.0,472,63.8,1,3,0,2,0
37,46400.0,540,62.7,1,1,0,18,0
48,37000.0,527,72.3,0,2,0,27,1
23,62200.0,586,54.7,0,5,0,4,1
21,66200.0,490,61.4,0,3,0,2,1
45,82900.0,530,41.8,0,5,0,7,0
52,40300.0,589,67.9,0,1,0,4,0
21,24600.0,512,47.5,1,0,0,1,1
52,31800.0,544,57.0,0,5,0,13,0
40,77100.0,590,39.0,0,2,1,6,0
53,54100.0,558,52.7,1,0,0,10,0
39,36600.0,526,51.5,0,2,1,7,0
18,33400.0,527,58.6,0,0,0,0,1
38,21900.0,529,48.5,1,1,0,4,0
52,70500.0,566,60.0,1,0,0,7,0
29,29300.0,554,67.0,0,5,0,2,1
35,15000.0,366,48.4,0,0,0,15,1
37,71400.0,648,38.9,1,2,0,13,0
18,50200.0,400,65.0,0,1,0,0,1
60,44800.0,533,53.9,1,2,1,27,0
29,114200.0,570,23.8,1,1,0,6,0
46,34900.0,519,64.9,0,5,0,7,0
38,27100.0,553,74.3,0,4,0,6,1
55,37900.0,494,43.3,1,3,0,29,0
44,79500.0,580,56.5,0,5,0,17,0
37,26000.0,471,57.6,1,5,0,5,0
29,30500.0,503,67.5,1,3,0,9,0
49,47500.0,542,60.5,1,2,0,18,0
18,28300.0,468,60.8,0,5,0,0,1
47,42900.0,509,47.5,1,1,0,3,0
26,25600.0,452,65.5,1,0,0,6,0
55,60300.0,584,80.3,0,5,0,2,0
41,61200.0,590,35.1,1,3,0,16,0
47,27000.0,491,94.6,0,5,0,21,1
40,46200.0,482,57.6,0,2,0,18,0
18,60500.0,527,56.3,0,2,0,0,1
29,76400.0,532,33.1,0,2,0,10,0
48,41200.0,578,51.9,1,1,0,14,0
41,40500.0,477,56.2,1,5,1,5,0
54,84100.0,503,30.7,0,2,0,25,1
44,18200.0,479,69.6,0,4,0,11,0
28,40200.0,457,57.8,1,0,0,2,0
30,100200.0,556,67.7,0,2,0,5,1
41,75600.0,525,32.3,1,1,0,10,0
18,107900.0,580,38.4,0,0,1,0,0
60,46600.0,552,65.1,0,0,0,28,0
45,36400.0,533,49.4,0,3,0,19,0
54,58400.0,574,67.0,0,2,0,9,0
21,43100.0,494,56.8,0,2,0,1,0
54,24600.0,531,32.8,1,5,0,26,0
66,41300.0,598,73.4,0,1,0,13,0
24,70400.0,478,35.1,0,4,0,3,1
49,52300.0,620,43.4,0,5,0,26,0
40,46400.0,514,71.7,0,4,1,11,0
21,17600.0,394,67.7,1,3,0,2,0
45,96300.0,595,55.3,1,4,0,22,0
50,67100.0,524,71.3,0,1,0,20,0
32,81200.0,578,37.9,1,3,1,7,0
53,50700.0,667,71.6,1,2,0,8,0
19,23400.0,422,59.3,0,4,0,0,1
22,28000.0,488,98.0,1,1,0,3,0
41,31500.0,425,57.0,1,1,0,16,0
40,29000.0,531,83.8,1,2,0,9,0
31,70300.0,488,64.5,0,1,0,12,1
49,75200.0,541,54.6,0,3,0,27,0
46,34900.0,471,56.0,1,3,0,2,0
50,72600.0,609,48.7,0,5,0,20,0
38,38000.0,564,32.5,0,0,0,7,0
47,36700.0,531,68.7,1,2,0,13,0
34,42800.0,467,68.1,1,1,0,9,1
64,33200.0,640,68.7,1,4,0,38,0
30,52300.0,474,14.5,1,5,0,1,0
65,80500.0,502,28.8,0,3,0,30,0
40,28400.0,531,57.4,1,2,0,10,0
23,52300.0,443,63.5,1,2,0,3,0
56,22900.0,584,75.2,0,3,0,3,0
41,72000.0,534,48.6,1,0,0,19,0
50,48600.0,578,70.1,0,2,0,30,0
54,92200.0,670,27.7,1,1,0,19,0
44,23400.0,450,79.8,1,4,1,10,0
32,77800.0,513,56.0,1,4,0,1,0
51,24700.0,522,75.8,1,3,0,0,0
40,47400.0,604,58.3,1,2,0,11,0
48,53700.0,516,86.0,1,4,1,17,0
18,50200.0,456,67.3,0,2,1,0,1
45,40600.0,554,49.2,0,3,0,6,1
32,100300.0,535,43.6,1,0,0,11,0
59,34100.0,559,77.6,0,4,0,32,0
47,124900.0,541,21.2,1,1,1,21,0
42,78500.0,673,65.0,1,5,0,3,0
45,55800.0,478,63.4,0,3,1,17,1
28,50100.0,489,24.8,1,5,0,2,0
59,26600.0,542,73.9,1,0,0,38,0
63,59900.0,681,49.9,1,1,0,37,0
44,22200.0,443,79.2,0,5,0,14,1
59,24200.0,641,84.5,1,1,1,5,0
33,68200.0,572,55.7,1,4,0,7,0
30,85900.0,566,70.6,1,2,1,7,0
40,57600.0,488,54.3,0,3,0,21,1
45,32500.0,551,76.4,1,1,0,0,1
35,15000.0,448,86.1,1,4,0,12,0
46,27000.0,582,67.7,1,0,0,22,0
43,102100.0,539,50.8,1,1,0,23,0
28,27900.0,478,59.9,0,0,1,4,1
46,49300.0,513,54.0,0,3,0,12,0
50,57800.0,508,37.2,1,4,0,10,0
42,23500.0,544,74.2,1,0,0,3,0
53,94800.0,627,47.0,0,2,0,6,0
25,45300.0,555,79.6,1,5,0,3,0
45,43500.0,444,74.5,0,0,0,11,1
25,41400.0,544,59.2,1,0,0,2,0
26,80400.0,657,30.2,1,4,0,4,0
32,54300.0,495,64.8,0,4,0,5,1
28,22600.0,573,87.6,1,1,1,5,0
33,45500.0,498,73.1,0,5,0,13,0
37,45800.0,451,77.9,0,0,0,18,1
50,30200.0,514,64.7,0,0,0,15,1
36,56900.0,581,50.2,1,4,0,3,0
20,45000.0,443,50.9,1,2,0,0,0
53,63800.0,539,53.7,1,4,0,34,0
29,43400.0,531,61.5,1,2,0,5,0
39,77300.0,555,52.2,0,5,0,9,1
45,24400.0,543,68.3,1,4,0,16,0
42,109400.0,605,34.2,0,5,0,18,0
53,54400.0,584,46.6,1,3,0,29,0
45,90800.0,559,57.8,1,0,0,11,0
29,29800.0,499,69.2,0,5,0,6,1
66,49100.0,534,57.7,1,2,0,6,0
42,37600.0,585,53.8,0,3,0,17,0
38,27700.0,471,49.0,0,2,0,18,1
51,28100.0,586,88.4,1,1,0,14,0
42,42800.0,515,71.2,1,1,0,6,0
44,52800.0,550,34.5,1,0,0,11,0
69,24800.0,538,81.5,0,3,0,21,0
36,111700.0,532,49.1,1,3,0,6,0
36,86400.0,471,47.3,0,1,0,9,1
41,32700.0,461,90.9,1,0,0,21,0
52,20700.0,508,75.0,0,5,0,29,0
21,33000.0,485,45.5,0,1,0,1,1
18,37100.0,523,70.6,1,3,1,0,0
32,64900.0,506,57.7,0,2,0,12,0
20,24300.0,420,61.2,1,3,0,1,1
34,79000.0,474,57.0,1,0,0,8,0
46,35500.0,551,40.8,1,3,0,22,0
29,40800.0,567,78.5,1,4,0,4,0
22,30900.0,538,54.5,0,3,0,1,0
40,89000.0,604,29.6,0,4,0,8,0
50,66100.0,598,51.9,0,1,0,29,0
19,81500.0,604,53.9,1,5,0,0,0
49,28700.0,543,71.0,0,4,0,15,0
49,61000.0,591,44.4,1,3,0,6,0
51,88300.0,574,37.1,1,5,0,26,0
54,32500.0,472,50.0,1,5,1,6,0
66,66400.0,564,50.1,1,3,0,4,0
35,25800.0,495,85.8,1,3,0,14,0
41,21400.0,506,71.4,1,0,0,18,1
35,56400.0,622,70.3,0,1,0,9,0
40,48700.0,532,82.4,1,4,0,7,0
58,76900.0,651,40.4,0,2,0,8,0
23,74300.0,498,47.5,1,4,0,2,0
29,74800.0,517,82.7,1,3,0,5,0
56,47000.0,492,82.9,1,2,0,33,0
52,29500.0,496,43.1,0,2,0,12,1
35,41000.0,537,69.4,1,4,0,10,0
50,40400.0,540,63.9,1,4,0,27,0
44,49200.0,584,72.7,1,4,0,9,0
58,46900.0,571,50.1,1,4,0,14,0
40,18500.0,480,60.0,0,1,0,5,1
52,67200.0,678,43.0,1,0,0,0,0
71,41200.0,578,54.9,1,0,0,45,0
47,39900.0,592,76.3,0,4,0,17,0
40,51600.0,511,41.6,1,0,0,10,0
48,136400.0,667,16.1,0,4,0,7,0
35,57000.0,573,30.4,0,4,0,2,0
68,84500.0,630,61.3,0,4,0,13,0
42,30600.0,396,86.8,0,5,1,1,1
36,64400.0,537,49.4,0,1,1,15,0
29,70600.0,590,47.3,1,3,0,5,0
53,70500.0,602,58.6,0,0,0,32,0
50,37700.0,560,87.0,1,0,0,13,0
34,37400.0,419,71.2,1,1,0,9,0
46,23100.0,479,60.3,0,1,1,5,1
21,44200.0,506,38.0,1,4,0,0,0
42,24300.0,528,53.5,0,4,0,6,0
45,70300.0,621,53.0,0,5,0,24,0
60,54600.0,567,48.3,1,5,0,33,0
30,38500.0,518,67.5,1,3,0,10,0
24,85300.0,534,37.6,1,0,0,5,0
29,39600.0,448,48.3,0,1,0,4,1
23,76500.0,409,31.7,1,3,1,0,0
56,49600.0,583,83.6,1,0,0,6,0
58,25400.0,550,83.2,0,3,0,21,1
43,28600.0,483,94.5,0,3,0,15,1
54,25200.0,452,78.0,0,4,0,9,1
41,97800.0,611,34.4,1,3,0,20,0
38,35500.0,498,85.7,1,4,0,5,0
36,32000.0,531,66.7,1,0,0,16,0
36,58200.0,623,60.0,1,5,0,0,0
21,25800.0,360,69.0,0,0,0,1,1
43,25400.0,476,25.6,0,4,0,13,0
39,29400.0,496,92.3,0,5,0,3,1
48,18600.0,587,79.9,0,2,0,26,0
41,19100.0,419,77.3,0,5,0,8,1
38,58100.0,630,55.8,1,3,0,5,0
29,16200.0,480,76.0,1,0,0,0,0
40,54200.0,529,49.4,1,3,0,20,0
48,18600.0,504,81.8,0,5,0,10,0
26,19300.0,449,52.7,1,2,0,3,0
41,95500.0,629,44.6,0,3,0,3,0
42,57800.0,488,65.3,0,2,0,20,1
31,32900.0,512,63.9,1,1,0,10,0
32,56400.0,501,63.0,1,2,0,8,0
42,138100.0,584,9.9,1,0,0,15,0
26,111300.0,692,21.0,1,5,0,2,0
44,25600.0,534,73.3,0,4,0,3,1
29,67200.0,555,63.3,1,4,0,7,0
52,64500.0,625,26.1,0,3,1,18,0
68,41300.0,506,71.3,0,5,0,20,0
29,57600.0,603,48.8,1,1,0,9,0
46,50200.0,416,57.0,0,3,1,0,1
31,94500.0,518,22.1,0,2,0,6,0
52,27500.0,508,56.2,0,4,0,5,1
24,29100.0,506,82.9,1,2,0,5,0
45,53900.0,554,58.9,1,4,0,2,0
29,41300.0,490,57.7,1,4,0,2,0
37,28700.0,502,66.8,1,4,0,15,0
27,37400.0,442,72.4,0,5,0,8,1
49,111700.0,534,41.9,0,0,0,16,0
29,23400.0,517,69.5,0,5,0,6,0
46,32800.0,559,83.3,1,2,0,12,0
35,65400.0,614,68.4,1,5,0,10,0
38,58500.0,495,62.8,0,3,0,9,1
41,68600.0,585,53.4,1,1,0,6,0
30,37500.0,483,74.8,1,3,0,7,0
42,65300.0,608,58.6,1,5,0,5,0
58,92600.0,659,58.9,1,2,0,23,0
30,69400.0,539,65.7,0,1,0,0,1
54,28700.0,519,53.2,1,3,0,16,0
57,47000.0,609,44.9,1,1,0,35,0
30,28700.0,521,58.0,0,2,0,2,1
22,30600.0,440,82.4,1,4,0,1,1
43,35200.0,454,42.3,0,2,0,15,1
33,34300.0,485,72.2,0,0,0,12,1
62,83300.0,683,52.1,0,1,0,27,0
40,41000.0,578,81.0,1,2,0,8,0
30,28000.0,432,71.5,0,4,0,9,1
26,59400.0,453,36.1,1,4,0,2,0
53,66000.0,635,39.2,0,2,0,24,0
33,67400.0,476,35.3,0,3,0,14,1
40,43300.0,548,54.6,1,2,0,20,0
51,49700.0,520,57.4,0,4,0,2,1
34,33800.0,582,49.0,1,2,0,11,0
39,74000.0,513,72.4,1,0,0,18,0
39,29900.0,565,48.2,0,3,0,7,0
48,24900.0,530,90.2,0,2,0,13,0
47,30100.0,536,85.7,1,4,0,21,0
37,16200.0,391,87.0,0,2,0,8,1
40,62600.0,432,44.6,0,2,0,16,1
35,76500.0,535,54.5,0,1,0,5,1
22,86600.0,542,26.2,1,2,0,3,0
43,55400.0,485,71.5,1,0,0,3,0
62,57800.0,527,55.8,0,4,0,18,0
29,103500.0,589,32.5,0,5,0,8,0
30,43700.0,531,44.2,0,1,1,1,1
29,75900.0,527,12.5,1,5,0,0,0
48,85900.0,620,30.0,0,2,0,29,0
45,61600.0,492,72.0,0,3,0,14,1
38,47400.0,505,55.0,1,0,0,9,0
28,101300.0,639,36.9,1,0,0,2,0
41,59700.0,545,65.9,0,0,1,19,0
21,24100.0,472,97.4,1,1,0,1,0
41,120900.0,718,51.5,0,2,0,0,0
50,108300.0,538,22.1,0,0,0,0,1
24,73800.0,561,21.3,0,2,0,1,1
21,84200.0,609,81.7,0,3,0,2,0
58,65400.0,565,87.9,1,2,0,26,0
32,112100.0,619,38.0,1,5,0,8,0
53,78000.0,534,29.7,0,2,0,27,0
38,44800.0,486,76.5,1,2,0,9,0
38,43100.0,538,61.1,1,4,0,16,0
45,55300.0,585,56.2,1,5,0,26,0
29,54300.0,568,71.7,1,1,1,8,0
41,34700.0,595,71.2,0,2,0,21,0
35,19600.0,486,54.4,1,0,0,11,0
24,19200.0,526,67.4,1,4,1,3,0
44,50300.0,521,69.8,0,2,0,11,0
36,30900.0,547,75.3,0,4,0,15,1
38,87100.0,573,49.1,0,1,0,4,0
25,24500.0,496,84.2,0,4,0,4,1
59,54600.0,593,52.7,0,0,0,15,0
50,64300.0,484,57.0,0,2,0,16,1
51,22700.0,468,20.3,0,0,1,30,1
36,73800.0,550,43.7,0,3,0,14,0
19,57300.0,410,68.6,1,4,0,0,1
63,77600.0,645,43.1,0,4,0,12,0
39,57000.0,578,50.2,1,4,0,7,0
31,54100.0,532,42.8,1,5,0,10,0
45,49200.0,483,75.4,1,1,0,20,0
54,27900.0,604,77.1,1,5,0,1,0
39,47000.0,626,73.6,1,0,0,7,0
55,59100.0,576,30.4,0,3,0,6,1
52,26300.0,555,67.1,0,1,0,9,0
27,69800.0,533,47.9,0,1,0,8,1
31,39100.0,527,60.2,1,2,1,3,0
51,36900.0,532,56.0,0,3,0,2,1
18,79900.0,514,42.8,1,4,0,0,0
38,36300.0,557,78.2,0,5,0,17,1
22,23100.0,584,42.1,1,4,1,1,0
34,43300.0,441,89.3,0,2,0,2,1
36,32600.0,499,74.2,0,5,0,13,1
35,73400.0,484,50.0,0,4,0,10,1
33,29200.0,574,81.9,0,0,0,7,0
26,31300.0,453,45.7,0,4,0,7,1
67,21200.0,483,61.5,1,5,0,33,0
62,38300.0,594,62.9,0,0,0,1,0
26,21400.0,560,91.9,0,2,0,1,1
58,22800.0,572,70.2,1,2,0,9,0
35,50000.0,530,66.7,1,0,0,14,0
41,41000.0,543,54.8,1,5,0,21,0
39,74100.0,622,57.6,0,5,0,11,0
32,89800.0,510,69.2,1,4,0,10,0
51,75200.0,571,64.8,1,2,0,16,0
41,52800.0,512,57.7,1,2,1,17,0
34,47500.0,457,71.1,0,0,0,13,1
24,47100.0,478,69.8,0,2,0,0,1
29,27700.0,541,76.5,0,4,0,10,0
20,69000.0,537,69.1,1,2,0,1,0
40,33900.0,546,83.0,1,0,0,5,0
25,40300.0,497,62.0,1,4,0,1,0
36,54000.0,552,68.0,0,3,0,1,0
56,105000.0,576,32.3,1,0,0,15,0
54,63300.0,555,40.8,1,3,0,33,0
39,39100.0,526,60.3,0,2,0,7,0
38,38700.0,528,63.4,1,4,0,6,0
62,29400.0,569,43.3,0,2,0,32,0
46,29900.0,514,81.0,1,4,0,3,0
36,22800.0,475,29.4,0,1,0,10,0
22,23700.0,625,98.0,1,2,0,3,0
44,21600.0,554,93.9,1,2,0,19,0
49,53600.0,572,54.6,1,2,0,6,0
32,98800.0,551,40.6,0,5,0,1,1
43,38800.0,502,69.0,0,0,0,3,1
35,77800.0,541,40.0,1,5,0,16,0
37,31500.0,520,70.3,0,4,0,10,0
18,123300.0,465,28.5,0,4,0,0,1
37,48800.0,444,59.1,0,4,0,10,1
51,84800.0,554,48.8,0,0,0,19,0
32,85000.0,559,26.3,1,4,0,10,0
40,42700.0,510,63.5,0,5,0,14,1
30,41200.0,575,66.0,1,5,0,0,0
44,79400.0,493,50.2,1,2,1,1,0
37,37900.0,474,61.6,1,3,0,17,0
28,26000.0,558,86.7,0,1,0,9,0
55,41900.0,558,57.9,0,4,0,27,0
51,59700.0,605,59.5,0,0,0,7,0
32,49800.0,616,79.5,0,0,0,10,0
45,69400.0,524,51.0,0,4,0,21,0
46,15000.0,502,77.2,1,3,0,21,0
47,49900.0,530,58.6,1,5,1,24,0
19,35000.0,375,84.6,1,4,0,0,1
52,87800.0,576,41.0,1,0,0,23,0
33,30800.0,540,86.9,1,1,0,1,0
35,54500.0,551,56.7,1,3,0,0,0
71,94400.0,667,29.4,0,4,0,13,0
43,33100.0,500,76.9,0,1,0,24,0
35,66100.0,503,49.0,0,4,0,3,1
18,76000.0,575,58.9,0,3,0,0,0
56,87000.0,574,5.0,1,0,0,35,0
23,44800.0,505,62.2,0,5,0,0,1
27,47000.0,509,54.3,1,5,0,2,0
36,22300.0,567,55.1,1,3,0,4,0
56,43500.0,604,54.3,0,2,0,0,0
49,23000.0,456,62.2,1,5,0,21,0
38,38200.0,454,64.0,0,4,0,18,1
43,53400.0,568,38.1,1,1,0,0,0
32,27600.0,488,73.7,0,1,0,9,0
41,76200.0,535,70.0,0,5,0,21,0
40,28300.0,559,72.9,1,3,0,11,0
51,50800.0,562,71.8,0,3,1,9,0
51,46600.0,551,77.8,1,3,1,15,0
45,67000.0,595,71.7,1,1,0,7,0
35,67400.0,518,81.1,1,0,0,13,0
48,42300.0,616,55.6,0,1,0,28,0
38,66600.0,503,42.6,1,0,0,14,0
27,35600.0,522,77.5,0,3,0,1,1
35,61200.0,602,66.1,1,2,0,3,0
41,27500.0,440,80.6,1,1,0,2,1
50,105000.0,587,66.3,0,3,0,8,1
37,30800.0,561,67.9,1,1,0,17,0
25,19400.0,527,78.6,1,3,0,2,0
40,32600.0,504,52.2,1,1,0,6,0
41,24700.0,469,98.0,0,4,0,3,1
42,27400.0,559,64.0,0,1,1,5,0
51,44000.0,605,57.8,1,4,0,32,0
52,53400.0,499,53.4,1,0,0,31,0
32,49400.0,453,50.6,1,1,1,10,0
32,75200.0,550,39.0,1,0,0,5,0
27,91800.0,577,35.4,0,2,0,3,0
48,36700.0,517,44.8,0,5,0,17,0
57,63200.0,611,42.9,1,5,0,22,0
36,100500.0,536,69.0,1,4,0,4,0
37,37800.0,406,75.9,0,1,1,5,1
57,117600.0,610,46.9,0,5,0,24,0
46,19200.0,514,90.0,0,0,0,27,1
45,52400.0,528,86.5,0,5,0,1,1
25,23300.0,415,44.1,0,5,0,3,1
48,25200.0,430,51.5,0,3,0,21,1
28,55900.0,486,45.6,1,5,0,8,0
26,30700.0,527,60.7,0,0,0,3,0
35,26700.0,559,64.8,1,5,0,11,0
32,28800.0,552,61.8,0,1,0,12,0
37,52100.0,485,62.4,0,5,0,12,1
22,53100.0,439,59.3,0,2,0,2,1
51,31800.0,558,56.4,1,5,0,16,0
53,49400.0,587,27.6,1,4,0,4,0
18,37800.0,493,50.0,1,3,0,0,0
51,53700.0,455,50.3,0,0,0,12,1
30,21300.0,437,67.8,0,5,0,9,1
50,28200.0,526,51.8,0,5,0,14,0
39,65800.0,568,46.3,1,1,0,14,0
40,42100.0,560,46.2,0,1,0,17,1
37,25000.0,506,68.1,0,4,0,17,1
54,54200.0,578,42.2,1,3,0,1,0
25,71900.0,526,38.5,0,0,1,6,1
47,42600.0,570,43.3,0,0,0,10,0
53,15400.0,537,71.5,0,0,0,12,1
48,79300.0,578,35.3,0,4,0,10,1
67,63900.0,584,68.0,1,4,0,3,0
33,32600.0,502,73.0,0,5,0,14,1
51,45800.0,572,60.6,0,3,0,24,0
38,32200.0,521,55.2,0,0,0,10,1
54,20700.0,547,77.4,0,0,0,11,0
39,42200.0,587,73.5,0,5,0,12,0
35,23000.0,506,72.9,1,3,0,8,0
55,40100.0,517,88.0,0,3,0,5,0
34,19900.0,532,78.9,1,3,0,10,0
23,94000.0,471,56.1,1,1,0,2,0
33,62100.0,473,57.2,1,3,0,10,0
47,23800.0,534,80.6,0,2,0,10,0
56,63400.0,601,42.7,0,4,0,9,1
41,45800.0,465,54.8,1,3,0,22,0
55,80100.0,570,53.2,1,1,1,14,0
23,66400.0,482,58.6,0,2,0,4,1
34,24400.0,468,77.9,0,1,0,6,1
36,73700.0,592,67.0,0,1,0,7,0
38,22100.0,533,49.8,1,5,1,4,0
41,35000.0,516,51.4,1,1,0,1,0
48,39500.0,508,67.6,1,1,0,15,0
34,30500.0,431,56.9,1,0,0,14,0
41,39300.0,592,98.0,1,4,0,12,0
39,25500.0,533,77.5,1,5,0,18,0
28,23900.0,444,69.2,1,5,0,8,0
38,17300.0,529,65.3,1,0,0,14,0
38,41300.0,513,56.3,0,2,0,5,1
38,61900.0,523,55.7,1,0,0,7,0
40,64200.0,565,56.0,1,5,0,13,0
40,75800.0,518,42.8,0,2,1,4,1
34,117300.0,568,29.0,0,5,0,0,1
55,55300.0,571,78.0,0,3,0,21,0
25,75000.0,500,70.8,0,2,1,6,0
31,34700.0,530,69.9,0,5,0,8,1
73,68700.0,708,32.4,0,0,0,47,0
27,89800.0,506,52.2,0,5,0,1,0
23,46700.0,409,84.6,0,0,0,3,1
48,45800.0,441,82.2,0,2,0,12,1
18,44400.0,472,73.3,1,0,0,0,0
37,123700.0,564,51.8,0,2,0,17,0
65,47300.0,587,61.9,1,1,0,41,0
21,37900.0,486,74.2,0,4,0,0,1
18,81700.0,437,37.1,1,2,0,0,0
22,26500.0,379,73.8,1,1,0,0,1
50,22400.0,537,91.0,0,1,0,17,1
53,39900.0,552,55.2,1,1,0,18,0
33,24700.0,469,57.2,0,1,0,1,1
48,59600.0,472,57.6,0,2,0,26,1
56,66100.0,601,50.1,0,0,0,3,0
61,29200.0,614,78.1,1,1,0,42,0
37,19800.0,507,65.3,0,3,0,2,1
18,50600.0,444,85.6,0,1,0,0,1
30,37100.0,499,45.8,0,0,0,8,1
34,51300.0,450,78.3,0,0,1,9,1
36,32400.0,557,55.6,0,4,0,1,0
37,88800.0,566,17.6,0,4,0,6,0
53,79000.0,496,52.0,0,1,0,18,1
55,90100.0,585,40.1,1,1,0,35,0
37,75600.0,572,33.1,1,5,1,10,0
53,23600.0,512,45.3,1,5,0,2,0
44,42800.0,517,62.7,1,4,0,22,0
40,62400.0,481,69.7,0,1,0,16,1
50,50200.0,578,68.7,1,5,0,6,0
40,91900.0,539,44.1,0,3,0,10,0
64,48200.0,468,67.9,1,2,0,17,0
22,38700.0,464,64.1,1,4,0,3,0
33,98500.0,613,19.1,1,4,0,13,0
38,47700.0,504,39.6,0,0,0,13,0
45,49300.0,626,57.2,1,1,0,5,0
55,34000.0,565,64.0,1,4,0,30,0
39,63100.0,558,67.5,0,4,0,8,1
22,81500.0,519,58.8,1,5,0,1,0
50,21800.0,518,80.3,1,3,0,2,0
49,46600.0,531,57.2,0,1,0,16,0
18,41100.0,461,42.9,1,2,0,0,0
39,44700.0,549,68.3,1,3,0,11,0
20,97000.0,490,49.1,1,2,0,0,0
32,17800.0,428,37.0,1,0,0,3,1
29,36100.0,437,53.0,0,4,0,3,1
49,31300.0,631,57.1,1,5,0,15,0
41,68100.0,576,54.5,0,3,0,9,1
24,55800.0,519,45.6,0,2,0,1,0
50,69500.0,516,51.6,1,1,0,31,0
22,44600.0,519,59.0,0,0,0,1,0
43,63900.0,544,52.1,1,0,0,6,0
30,40800.0,511,52.9,1,4,1,9,0
35,73800.0,495,40.9,1,4,0,6,0
46,44900.0,544,45.9,1,2,0,22,0
46,66100.0,536,59.3,0,2,0,27,0
56,51400.0,525,68.0,1,0,0,17,0
39,71300.0,586,39.9,0,2,0,8,0
43,74200.0,483,73.1,0,4,0,21,1
34,30500.0,526,63.1,1,0,0,1,0
42,32900.0,551,89.8,0,0,0,16,1
45,67200.0,513,43.5,0,1,0,10,1
38,43000.0,477,32.4,1,1,0,0,0
18,42200.0,467,69.2,1,2,0,0,0
43,102800.0,602,42.6,1,2,0,16,0
44,51600.0,531,59.9,1,4,0,3,0
31,56600.0,540,47.7,1,4,0,3,0
24,21900.0,558,70.7,1,1,0,5,0
57,32900.0,521,59.2,0,0,0,8,0
45,84600.0,488,41.6,0,3,0,12,0
37,40000.0,555,76.6,1,5,0,15,0
26,48800.0,584,63.2,1,5,0,0,0
30,63600.0,543,63.7,1,3,0,2,0
55,35900.0,491,62.2,1,2,0,7,0
41,59800.0,535,50.9,1,5,0,17,0
33,62600.0,472,37.6,0,5,0,5,1
46,99600.0,623,34.6,1,3,0,26,0
30,105700.0,498,5.0,1,3,0,3,0
58,62100.0,563,46.3,1,1,1,5,0
56,33500.0,495,65.4,0,0,0,28,0
34,30300.0,504,76.3,0,4,0,4,1
32,34900.0,480,62.0,0,1,1,11,1
18,58500.0,503,61.8,1,5,0,0,0
22,57800.0,502,24.2,1,4,0,0,0
23,40200.0,436,63.1,0,1,0,0,1
41,26400.0,539,44.2,0,1,0,16,1
36,32800.0,502,48.8,0,3,0,16,0
23,24900.0,421,67.2,0,4,0,3,1
36,78700.0,662,67.7,1,1,0,2,0
46,38200.0,553,70.3,1,3,0,13,0
46,46200.0,530,61.8,0,2,1,16,0
18,47900.0,554,60.5,1,4,0,0,0
38,71600.0,639,40.7,0,1,0,15,0
23,24800.0,463,61.9,1,5,0,4,0
50,81100.0,598,54.0,1,2,0,11,0
49,34300.0,482,45.5,0,3,0,27,0
29,42300.0,492,72.0,1,1,0,7,0
30,38900.0,488,58.6,1,5,0,1,1
34,45000.0,522,74.4,1,3,0,7,0
18,68200.0,520,67.1,0,3,0,0,1
44,15800.0,531,48.6,1,5,0,11,0
36,34300.0,518,57.5,1,3,0,15,0
51,84400.0,525,33.4,0,4,0,7,0
26,38300.0,443,37.5,1,2,1,3,0
32,125800.0,562,14.2,0,2,0,9,0
21,40200.0,468,98.0,0,0,0,2,1
27,92500.0,599,52.1,0,1,0,3,0
25,49600.0,441,88.9,1,3,0,1,0
51,34200.0,518,78.7,0,1,0,14,1
31,75800.0,585,38.6,0,2,0,3,1
41,47500.0,514,55.3,0,2,0,10,0
35,28400.0,521,77.5,1,3,0,5,0
24,61200.0,502,62.1,1,4,0,3,0
37,28100.0,514,60.1,0,5,0,8,0
47,50800.0,533,37.0,1,3,0,8,0
25,45500.0,528,98.0,1,3,0,2,0
49,44900.0,465,59.9,0,0,0,22,0
29,87700.0,527,40.0,1,5,0,4,0
34,28200.0,511,70.4,0,4,0,14,1
46,59600.0,578,52.5,1,1,0,27,0
32,42800.0,581,64.7,0,5,0,8,0
40,66000.0,526,72.9,0,4,0,1,1
36,48700.0,594,58.7,1,3,0,2,0
41,24000.0,472,53.0,0,3,0,20,0
18,20900.0,523,69.2,1,3,0,0,0
18,49800.0,526,53.1,0,3,0,0,1
47,46600.0,494,82.7,0,3,0,11,1
52,22800.0,542,88.4,1,5,0,4,0
29,42500.0,497,64.6,0,5,0,9,1
37,53100.0,558,39.6,1,5,0,14,0
43,41600.0,516,45.0,0,4,0,13,0
48,54200.0,534,58.6,1,3,0,13,0
18,28300.0,532,73.7,0,2,0,0,1
29,101300.0,554,33.9,0,5,0,6,1
36,40400.0,553,56.6,1,2,0,12,0
48,29900.0,514,59.1,0,0,0,15,1
69,48800.0,670,60.1,1,1,0,29,0
37,74300.0,514,14.6,1,5,0,7,0
23,92300.0,507,26.6,1,2,0,0,0
44,73100.0,637,41.4,1,0,0,16,0
55,67200.0,554,71.2,1,4,0,34,0
41,48700.0,610,48.3,1,1,0,0,0
29,119900.0,622,34.7,1,3,0,0,0
51,50300.0,544,63.3,1,5,0,23,0
47,30300.0,433,87.3,1,5,0,15,1
27,73200.0,526,69.7,0,3,0,0,0
44,100000.0,593,39.2,0,4,1,24,0
51,93800.0,654,35.4,1,1,0,1,0
54,66800.0,654,43.3,0,5,0,24,0
39,67300.0,511,49.5,0,2,0,13,0
35,45000.0,555,55.5,0,1,0,6,1
54,47500.0,593,69.3,1,0,0,32,0
25,42100.0,545,69.5,1,5,0,0,0
45,52500.0,567,67.9,0,4,0,26,0
23,18300.0,367,91.6,0,2,0,1,1
52,32200.0,528,95.1,1,1,0,5,0
36,35700.0,449,67.6,1,1,0,6,0
55,37000.0,536,81.7,0,2,0,24,1
45,55500.0,594,52.5,0,0,1,5,0
25,21600.0,486,89.1,0,0,0,4,1
57,81300.0,652,63.4,1,1,0,29,0
58,65400.0,598,69.0,1,3,0,33,0
50,33300.0,468,68.1,1,2,0,17,0
30,52500.0,386,49.0,1,5,0,7,0
36,93500.0,572,21.7,1,0,0,16,0
41,23600.0,494,70.0,0,5,0,22,1
31,27200.0,440,92.1,0,0,1,6,1
60,78300.0,513,44.0,0,0,0,20,1
41,47900.0,493,72.6,1,4,0,18,0
18,62800.0,489,67.5,1,5,0,0,0
44,93400.0,614,38.4,1,3,1,6,0
35,77200.0,556,68.9,1,0,0,6,0
39,37500.0,595,21.4,0,3,0,15,0
35,36400.0,454,47.1,1,1,0,11,0
49,55100.0,597,44.2,1,1,0,14,0
53,37500.0,545,52.7,1,4,0,14,0
43,62100.0,582,60.2,1,3,0,10,0
35,91900.0,540,47.6,0,2,0,1,0
39,80400.0,611,53.8,1,4,0,2,0
40,33100.0,527,75.7,0,0,0,18,1
30,61400.0,487,41.2,0,1,0,3,1
46,29000.0,520,50.1,1,1,0,27,0
45,96000.0,574,47.5,1,2,0,24,0
58,28300.0,568,59.2,0,4,0,14,0
55,37200.0,488,41.6,0,3,0,15,1
31,41800.0,502,77.9,1,1,0,0,0
49,79700.0,597,69.1,1,0,0,14,0
28,42500.0,500,86.4,1,2,0,6,0
48,42100.0,605,66.0,1,2,0,6,0
33,66700.0,571,62.7,1,5,0,10,0
27,137100.0,590,45.7,1,2,0,3,0
43,20300.0,517,62.3,1,0,0,10,0
18,93600.0,544,59.2,1,2,0,0,0
18,79700.0,535,52.3,1,3,0,0,0
37,37000.0,419,78.9,0,5,1,16,1
40,40300.0,505,66.7,0,3,0,2,1
35,37000.0,432,84.6,0,4,0,15,1
21,56900.0,562,60.6,1,4,0,0,0
30,43200.0,500,40.5,0,3,0,11,1
44,50100.0,528,81.7,1,0,0,1,0
46,70400.0,607,37.6,1,5,0,22,0
39,26900.0,526,88.0,1,4,0,6,0
53,27400.0,476,67.7,1,2,0,9,0
44,53100.0,537,76.4,0,3,0,4,1
31,52100.0,497,76.2,0,1,0,11,1
36,33100.0,417,73.2,0,0,0,9,1
23,35400.0,446,73.5,1,0,0,0,0
38,62200.0,529,61.5,1,3,0,19,0
53,50200.0,550,29.7,1,1,0,19,0
48,83200.0,505,48.5,0,0,0,10,1
56,31700.0,601,50.6,1,5,0,7,0
36,17900.0,484,75.4,0,4,0,14,1
56,48600.0,562,43.4,1,5,0,33,0
37,120300.0,614,14.1,0,1,0,16,0
57,56500.0,531,81.5,1,5,0,22,0
39,45400.0,546,77.9,1,2,0,5,0
48,33700.0,511,66.5,1,4,0,20,0
57,23400.0,492,73.4,1,1,0,27,0
37,41700.0,544,59.6,1,3,0,12,0
42,86900.0,645,53.8,1,0,0,7,0
55,36900.0,583,55.1,1,4,0,10,0
38,53900.0,576,73.4,1,3,0,14,0
24,72700.0,494,47.1,1,1,0,4,0
65,25600.0,475,63.5,1,2,0,17,0
34,74600.0,617,50.5,1,0,0,1,0
41,36800.0,621,56.4,0,0,0,16,0
53,21000.0,604,76.5,0,4,0,21,0
32,85700.0,532,37.6,1,3,0,12,0
27,58400.0,454,63.7,0,1,0,2,1
43,50800.0,483,77.9,0,1,0,20,1
18,53500.0,405,47.8,1,3,0,0,1
36,30500.0,497,65.8,1,0,0,6,0
42,62900.0,627,61.7,0,3,0,11,0
36,53700.0,518,52.0,0,5,0,3,1
21,15000.0,472,81.0,0,1,0,2,1
59,42300.0,629,71.4,0,3,0,31,0
41,46700.0,508,77.6,1,0,0,10,0
57,30400.0,646,58.7,1,4,0,17,0
36,34300.0,605,52.1,1,5,0,6,0
29,48400.0,499,56.0,1,0,0,4,0
43,21900.0,479,56.7,1,2,0,15,0
37,67000.0,575,61.6,1,2,0,10,0
25,130600.0,563,10.3,1,3,0,5,0
57,36900.0,493,98.0,1,0,0,34,1
32,56900.0,584,76.7,1,0,0,10,0
18,109100.0,605,36.5,1,1,0,0,0
55,64300.0,582,67.3,1,4,0,22,0
33,47000.0,449,36.6,1,5,1,6,0
32,99500.0,502,78.0,0,0,0,1,1
18,20300.0,461,63.0,0,5,0,0,1
60,48700.0,543,58.7,1,3,0,16,0
24,33300.0,464,38.9,1,1,0,1,0
40,71600.0,602,58.6,0,5,0,17,0
50,40300.0,576,47.3,1,5,1,11,0
45,48300.0,607,62.2,0,5,0,7,1
39,39500.0,467,56.1,1,5,0,2,0
19,57000.0,477,41.0,0,5,0,0,0
30,23700.0,521,58.5,0,1,0,10,0
42,90100.0,596,47.4,0,3,0,19,0
30,32100.0,568,48.0,1,5,0,7,0
42,29100.0,534,57.1,0,5,0,2,1
48,27100.0,615,79.1,0,3,0,5,1
51,85300.0,614,84.9,0,0,0,1,1
25,61400.0,564,62.6,1,0,0,2,0
66,29200.0,545,54.6,0,1,0,16,0
49,20700.0,519,66.2,1,1,0,8,0
39,145600.0,669,22.2,1,4,0,3,0
53,30900.0,617,62.4,1,1,0,21,0
68,57400.0,629,70.6,1,3,0,30,0
22,38800.0,478,67.8,0,5,0,2,1
37,61600.0,604,69.0,1,3,1,1,0
18,22100.0,348,66.4,1,4,1,0,1
42,77800.0,490,68.8,0,2,0,23,0
44,60400.0,582,53.3,0,2,1,8,0
39,45800.0,524,47.1,1,3,0,13,0
32,95800.0,590,74.3,1,2,0,9,0
18,58600.0,497,29.2,1,2,0,0,0
44,41300.0,557,52.4,1,4,0,10,0
57,78100.0,551,39.3,1,5,0,1,0
32,19800.0,512,98.0,1,1,0,4,0
45,60500.0,600,82.9,1,1,0,1,0
21,38300.0,541,87.1,0,2,0,2,1
45,53700.0,644,53.6,1,0,0,4,0
35,41400.0,523,98.0,1,4,0,6,0
30,66100.0,539,59.1,1,5,0,5,0
30,33800.0,417,81.2,0,5,0,3,1
35,37600.0,481,67.7,1,2,0,13,0
44,58200.0,536,56.0,1,0,0,1,0
24,38200.0,538,60.9,1,0,0,3,0
35,105600.0,545,34.6,1,5,0,9,0
39,62500.0,580,64.1,1,4,0,0,0
26,23400.0,475,76.1,0,1,0,2,1
61,82700.0,595,46.4,0,5,0,14,0
29,21700.0,492,94.0,1,5,0,8,0
31,39200.0,481,19.8,1,3,0,12,0
28,68300.0,502,60.3,1,0,0,4,0
61,26600.0,463,80.1,0,3,0,6,1
46,25900.0,505,86.8,0,3,0,3,1
28,58900.0,490,55.5,0,4,0,4,0
53,65200.0,545,57.0,0,5,0,11,0
42,124000.0,628,45.2,1,1,0,14,0
43,42800.0,561,85.2,0,4,0,14,0
35,37500.0,519,60.5,1,0,0,16,0
31,28100.0,539,72.8,1,1,0,1,0
44,37000.0,553,90.4,0,5,0,11,1
33,37400.0,488,33.2,1,2,0,2,0
61,32600.0,531,56.6,0,1,0,38,0
24,28800.0,492,90.5,1,4,0,5,0
58,70500.0,615,68.2,1,4,0,13,0
38,62600.0,608,62.8,1,3,0,4,0
43,65700.0,611,47.0,1,5,0,3,0
49,72500.0,543,37.8,0,2,0,30,1
32,22800.0,481,62.0,0,5,0,6,1
50,105500.0,639,61.0,0,1,1,2,1
18,51500.0,540,50.0,0,2,0,0,0
31,69900.0,578,53.6,0,5,0,12,0
28,17800.0,470,61.6,0,3,0,9,1
24,61000.0,446,68.3,1,2,0,1,1
37,41100.0,465,55.5,1,2,1,11,0
44,57400.0,559,55.6,1,1,0,23,0
48,38900.0,552,39.2,0,2,0,27,0
42,35700.0,464,41.5,1,3,1,21,0
32,35200.0,501,66.0,0,0,0,11,0
44,37500.0,557,45.1,1,0,0,18,0
41,60600.0,484,87.4,0,4,0,18,0
51,83600.0,640,15.6,1,0,0,20,0
49,30900.0,509,55.6,1,1,0,2,0
40,68400.0,611,52.9,0,4,0,5,0
29,81800.0,513,41.8,1,0,0,1,0
32,67000.0,479,36.7,1,0,0,7,0
33,38500.0,481,50.2,1,4,0,12,0
36,37200.0,504,50.3,1,1,1,8,0
43,23000.0,489,66.5,1,4,0,12,0
48,59300.0,544,85.5,0,1,0,22,1
39,30600.0,525,68.9,1,1,0,13,0
40,68800.0,540,70.2,1,5,0,18,0
41,68700.0,547,60.1,1,3,0,10,0
33,29100.0,409,85.1,0,0,0,13,1
28,25200.0,500,27.9,0,5,0,9,1
18,29600.0,461,63.6,1,0,1,0,0
31,30600.0,573,87.4,1,5,0,3,0
45,44900.0,487,53.5,1,2,0,15,0
31,37900.0,409,91.3,0,4,0,11,1
37,59800.0,564,78.3,0,5,0,1,1
45,83200.0,590,39.7,0,3,0,24,0
46,15500.0,457,66.2,1,0,0,15,0
27,95200.0,472,26.7,1,2,0,4,0
51,55400.0,634,48.4,1,3,0,27,0
53,53200.0,629,40.2,1,1,0,17,0
26,28500.0,356,75.0,0,0,0,1,1
30,29400.0,466,46.4,1,5,0,5,0
54,34900.0,626,75.1,0,4,0,6,0
38,35100.0,487,75.4,0,3,0,12,0
18,41300.0,452,38.5,0,2,0,0,1
23,60300.0,492,79.1,1,4,0,1,0
37,36800.0,454,73.0,0,1,0,14,1
26,32100.0,398,78.4,0,4,0,0,1
35,48700.0,571,49.1,0,2,0,12,1
40,84300.0,472,55.6,0,1,0,6,0
57,28700.0,555,85.4,0,2,0,32,0
36,63300.0,579,53.2,1,0,1,2,0
52,63000.0,494,84.8,1,2,0,20,0
57,26900.0,494,69.9,0,4,0,27,0
57,103300.0,677,55.8,1,0,1,31,0
43,46300.0,558,65.9,0,0,0,11,0
18,41100.0,446,72.3,0,3,0,0,1
45,21400.0,571,46.4,1,4,0,15,0
52,40600.0,604,69.3,0,4,0,9,0
39,25700.0,517,58.7,0,1,1,15,1
60,49500.0,524,47.5,1,2,0,14,0
50,44500.0,523,88.4,1,5,0,31,0
46,30900.0,537,64.4,1,2,0,22,0
53,27000.0,523,54.2,1,4,0,5,0
44,49400.0,584,54.9,1,2,0,0,0
18,49200.0,408,40.8,1,4,1,0,0
34,62700.0,455,76.4,0,0,0,13,1
54,65300.0,582,43.4,1,2,0,11,0
30,33900.0,469,74.4,1,2,0,3,0
37,53800.0,496,78.8,0,4,0,3,1
27,35700.0,401,58.2,0,4,0,4,1
61,93200.0,616,50.7,0,1,0,33,0
60,35100.0,552,50.5,1,2,0,40,0
29,28500.0,519,98.0,0,3,0,9,1
41,23200.0,508,84.8,1,4,0,19,0
31,30100.0,485,65.1,0,3,0,10,0
47,45600.0,598,50.2,0,0,0,24,0
46,89000.0,515,42.7,1,0,0,13,0
49,56200.0,581,52.4,1,3,0,2,0
43,63900.0,466,83.7,1,5,0,24,0
75,63600.0,571,36.2,0,0,0,32,0
27,87800.0,481,46.9,1,3,0,6,0
19,31500.0,508,67.1,0,1,0,0,1
35,23200.0,489,69.0,1,1,0,3,0
21,20400.0,461,70.2,1,0,0,2,0
22,69000.0,457,50.6,0,3,0,3,0
27,56800.0,495,70.4,0,3,0,5,1
28,23300.0,441,79.8,0,3,0,3,1
28,59500.0,534,62.5,1,5,0,3,0
46,48700.0,491,15.0,1,0,0,23,0
33,29500.0,561,72.7,1,5,0,6,0
37,59600.0,449,31.3,0,3,0,3,1
50,123300.0,582,40.4,1,4,0,26,0
30,47800.0,591,83.0,0,3,0,5,1
36,45200.0,495,48.0,1,4,0,16,0
44,97200.0,519,37.2,1,1,1,12,0
18,41300.0,488,54.5,1,4,0,0,0
18,78800.0,491,67.0,0,1,1,0,1
44,28800.0,475,69.9,0,0,0,1,1
45,63600.0,498,80.5,1,5,0,19,0
64,83800.0,750,52.7,1,5,0,5,0
41,68800.0,538,56.1,1,1,0,21,0
49,89200.0,490,45.3,0,1,0,0,1
37,48400.0,597,72.9,0,3,0,7,0
43,26000.0,542,43.5,0,2,0,17,0
60,84900.0,566,47.3,1,1,0,35,0
18,30000.0,419,66.9,0,4,0,0,1
44,51600.0,573,70.2,0,0,0,4,1
65,107600.0,625,34.2,0,5,0,4,0
43,34900.0,424,50.4,0,4,1,14,0
59,20400.0,627,71.9,0,5,0,9,1
32,45600.0,487,45.5,1,0,0,7,0
39,21200.0,573,42.6,0,4,0,6,1
40,85400.0,629,56.8,1,5,0,11,0
18,50200.0,436,68.6,0,1,0,0,1
25,23400.0,525,77.6,1,2,0,5,0
26,57600.0,477,76.5,1,1,0,0,1
49,72900.0,477,40.8,1,5,0,27,0
50,46700.0,525,39.8,1,3,0,10,0
43,25300.0,531,68.8,1,4,0,12,0
49,37400.0,512,59.8,0,2,0,14,1
38,46100.0,506,48.9,1,4,0,16,0
54,67600.0,632,51.7,1,3,0,21,0
40,29300.0,514,59.1,1,3,0,21,0
40,75300.0,513,22.3,1,3,1,17,0
36,54100.0,561,51.7,0,5,0,7,1
48,20200.0,526,54.9,1,1,0,5,0
34,77200.0,419,52.6,1,5,0,10,0
51,34100.0,557,56.5,0,1,0,28,0
26,49200.0,520,77.0,0,2,1,1,1
26,38700.0,491,88.6,1,3,1,0,0
48,75800.0,616,59.9,0,1,0,25,0
38,92600.0,534,19.7,0,0,0,4,1
34,22900.0,507,93.4,0,0,0,6,0
50,32300.0,453,90.7,0,1,0,21,1
32,45900.0,530,61.9,0,2,1,10,0
37,33300.0,604,86.5,1,4,0,14,0
56,56000.0,518,49.3,1,5,0,3,0
58,36900.0,514,37.2,1,3,0,31,0
58,51200.0,531,48.1,1,1,0,18,0
36,58900.0,537,82.4,0,2,1,12,1
54,17700.0,472,50.6,0,5,0,32,1
28,94000.0,571,42.4,1,4,0,0,0
29,27800.0,528,69.4,1,2,0,5,0
18,52100.0,514,51.5,1,4,0,0,0
60,77400.0,509,42.4,0,0,0,40,1
29,97000.0,604,42.3,1,5,1,7,0
38,89400.0,612,35.8,1,5,1,11,0
29,28100.0,527,47.4,0,4,0,1,1
48,43200.0,557,66.0,0,0,0,8,1
35,83700.0,564,62.6,0,3,0,7,0
24,53800.0,553,71.5,1,1,0,5,0
45,39000.0,625,52.2,0,0,0,13,0
22,18900.0,415,53.7,0,2,0,3,1
29,86100.0,598,41.3,0,4,0,8,0
18,57200.0,488,80.6,0,5,0,0,1
22,32300.0,469,76.8,0,2,0,3,1
42,51500.0,458,70.0,0,5,0,1,1
18,110100.0,531,49.3,0,0,0,0,1
22,44100.0,438,68.7,1,5,0,0,0
39,27800.0,482,70.7,1,5,0,0,0
33,60600.0,471,65.7,0,5,1,12,1
63,25300.0,528,61.7,1,5,0,24,0
62,22600.0,526,49.7,0,2,0,41,0
29,24100.0,486,81.2,0,4,0,7,1
46,50200.0,461,78.5,0,1,0,6,1
48,23700.0,447,53.8,0,2,0,29,0
32,41700.0,523,75.6,1,3,0,12,0
22,65800.0,469,78.9,0,4,0,3,1
39,79700.0,611,48.1,1,4,0,11,0
37,17200.0,502,60.9,1,3,0,16,1
34,19200.0,517,74.2,1,0,0,13,0
45,50900.0,611,51.4,0,3,0,24,0
30,24700.0,469,60.9,0,0,0,11,1
26,60900.0,484,62.1,0,1,0,7,1
41,32200.0,557,43.1,1,0,0,9,0
44,42500.0,555,41.3,1,1,0,24,0
25,31800.0,472,67.6,1,1,0,6,0
51,72100.0,643,50.8,1,5,0,10,0
18,26300.0,451,74.6,0,5,0,0,1
33,29500.0,497,96.3,1,3,0,8,0
36,29500.0,502,69.7,0,1,0,13,1
32,21400.0,438,80.4,0,0,1,5,1
33,94100.0,564,27.7,0,2,1,3,1
62,34100.0,627,77.9,1,5,0,33,0
29,27800.0,508,61.0,0,4,0,10,1
69,23800.0,563,71.6,1,4,0,19,0
45,60800.0,542,54.0,1,0,0,6,0
41,70200.0,568,67.4,1,5,0,0,0
45,60800.0,588,36.0,0,2,0,24,0
70,54800.0,625,23.8,1,1,0,34,0
28,34800.0,474,62.9,0,5,0,3,1
26,53800.0,522,65.5,1,0,0,3,0
30,90800.0,574,45.9,1,1,0,4,0
40,68500.0,498,71.1,1,5,0,11,0
19,49900.0,496,66.6,0,3,0,0,1
40,61400.0,433,47.0,0,2,0,2,1
60,43800.0,587,27.6,0,4,1,19,0
41,76300.0,591,45.9,0,0,0,4,0
36,31200.0,540,82.9,0,4,1,0,1
32,33800.0,478,60.6,0,1,0,13,1
50,33100.0,548,67.2,0,1,0,8,0
30,24100.0,555,76.7,1,3,0,9,0
62,49000.0,643,45.2,1,1,0,9,0
63,52700.0,577,68.3,0,1,0,12,0
43,84800.0,577,70.6,0,4,0,15,1
39,69500.0,603,49.6,0,4,0,19,0
52,77800.0,506,31.9,0,0,0,28,1
53,59000.0,548,55.4,1,0,0,3,0
30,65000.0,591,20.6,0,1,0,0,0
33,66100.0,580,58.6,1,5,0,11,0
24,35500.0,501,72.6,0,2,0,4,0
44,70900.0,483,76.8,0,0,0,12,1
47,30700.0,522,64.8,0,1,0,24,0
23,36600.0,453,71.5,1,5,0,2,0
34,51600.0,536,46.5,1,5,0,4,0
23,76100.0,481,44.2,1,4,0,2,0
29,78100.0,484,25.9,1,5,0,2,0
46,51800.0,440,56.4,0,3,0,16,1
31,20200.0,543,67.3,0,4,0,1,1
36,85800.0,537,50.2,0,4,0,17,0
20,55200.0,503,48.6,0,3,0,0,1
42,59000.0,542,57.6,1,4,0,22,0
39,85000.0,509,41.0,1,0,0,7,0
31,71800.0,470,46.3,1,4,0,1,0
37,42800.0,466,64.1,0,3,0,8,1
42,23500.0,471,71.2,0,1,0,18,1
30,29500.0,507,79.6,0,1,1,9,1
22,55000.0,459,56.2,1,1,0,0,0
61,31200.0,640,62.3,1,3,1,1,0
32,38300.0,553,62.0,0,3,0,11,1
38,18200.0,534,62.0,1,0,0,16,0
52,43800.0,541,57.1,0,3,0,30,0
75,23500.0,649,98.0,1,5,0,27,0
25,36100.0,475,51.9,1,1,0,2,0
45,26500.0,514,65.2,0,3,0,15,0
31,20200.0,490,66.1,1,2,0,3,0
33,40100.0,541,60.2,0,4,0,6,1
31,33900.0,527,61.5,0,0,0,11,0
26,79800.0,508,52.3,1,1,0,5,0
39,46600.0,497,35.7,0,5,0,2,0
22,28000.0,504,84.4,0,5,0,3,1
51,49700.0,587,69.6,1,1,1,19,0
40,29000.0,489,49.7,0,5,0,15,1
45,63200.0,473,20.7,0,2,0,1,0
34,36100.0,493,50.9,1,0,0,13,0
35,24800.0,525,66.5,0,4,1,9,0
43,41200.0,617,98.0,1,0,0,18,0
26,83000.0,475,55.0,0,0,0,7,1
35,66400.0,515,26.3,0,1,0,10,0
29,65400.0,503,43.5,1,3,0,1,0
29,29200.0,554,67.5,1,4,0,10,0
18,86300.0,520,49.3,1,0,0,0,0
56,108600.0,575,16.9,1,2,0,8,0
31,41200.0,531,61.5,0,1,1,2,0
53,30000.0,515,57.2,0,3,0,19,1
52,90900.0,533,27.1,1,3,1,29,0
24,39200.0,442,68.2,0,1,0,1,1
26,50300.0,589,71.5,0,0,0,6,1
70,52500.0,611,71.6,1,5,0,30,0
61,28100.0,555,77.4,0,1,0,34,0
39,47600.0,513,53.5,0,5,0,2,0
43,93300.0,593,53.4,1,3,0,23,0
32,45400.0,523,66.5,1,3,0,7,0
45,57700.0,562,58.9,0,2,0,5,1
31,33300.0,501,57.5,1,2,0,3,0
18,99000.0,578,33.0,1,3,0,0,0
24,61100.0,510,56.7,0,2,0,0,1
40,119300.0,550,68.9,0,2,0,19,1
26,34700.0,456,70.6,1,2,0,7,0
39,64200.0,443,45.1,1,3,0,5,0
27,96000.0,651,29.1,1,0,0,1,0
30,76000.0,579,42.2,1,0,0,2,0
50,30900.0,489,98.0,1,4,0,27,0
42,37600.0,507,59.0,0,2,0,6,0
39,26500.0,472,83.0,1,0,0,10,0
50,123000.0,700,25.1,1,4,0,10,0
45,77100.0,496,53.1,1,1,0,3,0
57,34800.0,554,78.0,1,2,0,19,0
34,37500.0,500,56.4,1,0,0,14,0
34,61900.0,571,45.6,1,0,0,15,0
24,25900.0,468,94.5,0,5,1,4,1
34,26900.0,406,84.0,1,0,0,7,0
51,34700.0,524,78.0,0,5,0,29,0
55,32900.0,494,78.6,0,4,0,29,0
51,31000.0,536,74.5,1,5,0,32,0
18,37000.0,544,95.5,0,1,0,0,1
52,37700.0,454,65.6,1,2,0,19,0
18,31500.0,427,76.1,0,0,0,0,1
50,20800.0,493,49.9,1,3,0,21,0
35,66700.0,517,40.9,1,2,0,8,0
48,16100.0,549,55.6,1,3,0,25,0
24,92500.0,531,62.1,1,4,0,4,0
54,68200.0,597,14.4,0,0,0,20,0
22,51500.0,464,53.4,0,2,0,0,1
31,44800.0,518,17.2,1,2,0,5,0
28,38700.0,533,52.1,1,0,0,5,0
18,75900.0,475,42.3,1,1,0,0,0
41,109600.0,630,56.9,1,4,0,2,0
61,139600.0,664,30.1,0,0,0,37,0
72,55900.0,652,45.2,1,5,0,39,0
41,31500.0,503,83.4,1,2,0,5,1
53,17500.0,542,73.3,0,1,0,31,0
42,38700.0,520,65.1,0,2,0,15,1
45,44100.0,529,44.3,1,3,0,15,0
35,50300.0,533,45.0,0,2,0,2,1
42,39800.0,550,51.7,1,4,0,16,0
46,19000.0,448,73.1,1,0,0,20,0
33,24500.0,562,71.4,1,2,0,5,0
39,24400.0,409,93.4,1,5,0,5,1
39,27300.0,471,74.8,0,3,1,18,1
49,66700.0,559,12.7,1,3,0,30,0
27,44900.0,519,66.0,1,0,0,3,0
39,131900.0,688,5.5,1,3,0,14,0
62,51300.0,482,45.0,1,0,0,18,0
53,29900.0,510,55.9,0,4,0,1,1
56,17400.0,423,63.1,1,0,0,26,0
40,33400.0,514,46.0,1,1,0,7,0
43,62900.0,562,57.9,1,3,0,12,0
52,60700.0,644,34.5,1,3,0,26,0
58,56300.0,578,62.8,1,5,0,14,0
18,40400.0,528,97.4,1,2,0,0,0
24,63400.0,540,34.7,1,1,0,3,0
55,73800.0,562,46.2,1,2,1,13,0
36,48300.0,449,22.8,1,0,0,6,0
31,56500.0,532,52.9,0,4,0,0,1
24,57800.0,431,66.5,0,5,0,1,1
33,34100.0,564,77.2,0,3,0,4,0
23,50500.0,488,60.9,0,4,0,3,1
65,38200.0,628,78.0,1,0,1,9,0
39,42000.0,496,98.0,0,0,0,18,1
39,37200.0,528,90.8,1,1,0,17,0
47,53400.0,557,50.8,1,2,0,24,0
51,46200.0,545,39.7,1,3,0,23,0
51,65000.0,545,47.9,1,3,0,9,0
52,46400.0,569,47.2,0,4,0,1,0
32,37400.0,455,71.8,1,1,1,5,0
36,69300.0,480,34.6,1,5,1,2,0
49,24300.0,584,69.2,1,0,0,18,0
33,50800.0,553,72.2,1,1,0,4,0
39,35100.0,516,64.4,1,3,0,6,0
44,54400.0,625,44.0,1,5,0,6,0
49,50700.0,535,77.3,1,2,1,26,0
18,31100.0,533,39.4,0,4,0,0,0
48,57800.0,562,51.9,1,0,0,9,0
37,30600.0,453,67.1,1,0,0,0,0
48,96200.0,684,41.8,1,0,0,10,0
49,30000.0,577,70.7,0,2,0,22,0
59,22800.0,534,80.0,1,3,0,6,0
56,51500.0,599,58.9,1,3,1,5,0
56,48900.0,540,54.9,0,1,0,5,0
57,57000.0,612,51.1,1,5,0,12,0
43,88700.0,455,35.3,0,1,0,15,1
40,46100.0,475,73.4,1,3,0,12,0
50,53000.0,601,49.1,0,0,0,1,0
48,61100.0,544,68.2,0,2,0,18,1
36,52300.0,534,59.4,0,3,0,17,0
44,31300.0,452,59.6,1,2,0,24,0
39,32200.0,602,76.4,1,4,0,5,0
29,98400.0,615,29.7,1,0,0,1,0
55,46700.0,546,70.9,0,4,0,25,1
40,72900.0,532,54.0,0,3,0,5,0
64,20400.0,599,62.9,1,1,0,19,0
20,35300.0,574,73.8,0,3,0,0,1
33,76100.0,589,57.7,1,4,0,5,0
40,63800.0,652,71.8,1,2,0,14,0
53,135500.0,595,40.3,0,5,0,5,0
44,31900.0,478,74.6,1,5,0,2,0
43,86100.0,512,28.6,1,3,0,10,0
26,72400.0,546,87.8,1,1,0,7,0
26,28100.0,488,47.7,0,4,0,0,1
43,41800.0,520,77.5,0,3,0,21,1
23,52800.0,539,65.4,0,4,0,1,1
33,55000.0,582,40.4,0,4,0,0,0
46,41000.0,456,61.8,0,0,1,18,1
28,36600.0,462,64.2,1,5,0,2,0
59,65200.0,624,73.5,0,5,0,23,0
54,127300.0,611,18.4,1,2,0,20,0
21,36500.0,438,61.5,0,0,0,0,1
28,41500.0,548,28.4,0,5,0,3,0
18,21900.0,393,97.3,0,4,0,0,1
30,87400.0,532,29.0,1,1,0,6,0
49,51800.0,566,64.2,1,1,1,4,0
35,28500.0,469,67.1,0,0,0,15,1
45,48100.0,577,59.3,0,1,0,5,0
21,23700.0,437,82.7,0,4,0,1,1
49,51300.0,619,84.6,1,3,0,25,0
33,66900.0,526,57.0,1,4,0,3,0
40,19600.0,533,82.0,0,5,0,1,1
38,20600.0,533,76.7,0,3,0,17,1
24,31400.0,448,82.7,0,1,0,1,1
26,25300.0,374,63.0,1,2,0,4,1
51,58400.0,578,72.8,0,2,0,17,0
44,51200.0,542,76.2,1,4,1,16,0
52,42700.0,574,79.2,0,4,0,27,0
43,35900.0,510,55.7,1,1,0,11,0
41,73900.0,534,47.9,1,2,0,2,0
19,53800.0,592,62.1,0,2,1,0,0
36,43000.0,441,42.3,1,4,1,6,1
39,56200.0,570,81.4,1,5,0,0,0
63,28300.0,525,68.5,1,2,0,36,0
48,30300.0,509,72.1,0,4,0,20,1
58,49600.0,549,51.5,1,0,0,0,0
47,18600.0,472,52.6,1,2,0,3,1
31,32000.0,522,58.2,0,3,0,9,1
41,23200.0,574,74.0,1,1,0,0,0
42,33700.0,541,76.6,1,4,0,12,0
28,45500.0,506,64.2,1,2,0,0,0
35,113700.0,534,39.7,0,2,0,11,0
37,30200.0,530,62.8,1,5,0,6,0
59,82400.0,708,54.5,1,4,0,2,0
18,56900.0,473,79.5,1,3,0,0,0
54,56100.0,545,68.2,0,2,0,25,0
28,68000.0,495,64.9,0,0,0,3,1
23,26700.0,448,73.7,0,1,0,1,1
54,25500.0,396,47.2,1,4,0,2,0
48,47600.0,563,45.3,0,2,0,11,1
55,33500.0,501,73.4,1,5,0,27,0
49,39800.0,457,63.9,0,5,0,11,0
64,75200.0,640,56.5,1,1,0,16,0
46,27800.0,465,94.0,0,4,0,5,1
38,34600.0,493,77.0,1,4,1,14,0
44,20900.0,582,90.5,0,4,0,1,0
54,40000.0,477,65.4,1,3,0,7,0
30,77500.0,460,36.9,1,0,0,4,0
32,108300.0,585,35.8,1,5,0,2,0
36,42700.0,572,50.9,1,4,0,9,0
18,63800.0,421,77.8,1,3,0,0,1
41,36200.0,538,77.4,1,4,0,6,0
18,22200.0,487,78.9,0,4,0,0,1
40,39900.0,416,82.6,1,3,0,10,1
50,73500.0,613,20.3,0,0,0,30,0
34,30600.0,542,76.6,1,1,1,14,0
60,32700.0,537,47.2,0,5,0,1,1
22,46900.0,553,61.1,1,2,0,0,0
54,74000.0,638,45.7,0,4,0,31,0
48,61300.0,562,65.4,0,0,0,7,0
19,22400.0,437,74.5,1,5,0,0,1
72,45600.0,540,81.9,0,2,0,12,1
39,57500.0,533,48.0,1,4,0,10,0
29,80200.0,566,58.6,1,2,0,0,0
23,57800.0,487,59.3,1,3,0,0,0
37,34100.0,398,41.8,1,5,0,18,1
38,52200.0,591,45.4,1,0,0,15,0
41,48100.0,539,58.5,0,0,0,18,0
36,70000.0,523,68.7,1,5,0,12,0
47,71700.0,608,58.3,0,1,0,22,0
35,84400.0,630,28.7,1,1,0,3,0
18,57200.0,353,55.0,1,2,0,0,1
38,47400.0,545,91.3,0,3,0,10,1
18,30300.0,395,69.5,0,2,0,0,1
44,40700.0,553,58.8,0,4,0,17,0
28,41400.0,503,70.8,0,0,0,1,0
41,34500.0,548,77.6,0,2,0,9,1
55,27400.0,512,62.2,0,2,0,16,1
28,61900.0,424,62.8,1,5,0,8,0
52,49700.0,531,55.2,1,0,0,29,0
34,41700.0,530,74.1,1,0,0,6,0
61,24500.0,597,72.7,1,1,0,9,0
35,70900.0,482,58.9,1,1,0,2,0
29,122100.0,631,19.8,0,0,0,1,0
48,28000.0,491,56.5,1,2,0,29,0
34,114200.0,600,48.5,0,4,0,2,0
29,58100.0,490,55.6,0,2,0,6,1
34,24300.0,501,74.6,1,4,0,4,0
39,27400.0,549,64.4,1,0,0,2,1
56,22300.0,472,84.6,0,5,0,24,1
18,46800.0,448,52.2,0,4,0,0,1
40,69700.0,558,50.1,0,1,0,1,0
47,61400.0,675,67.2,1,5,0,22,0
42,52800.0,493,76.5,0,0,0,21,1
55,50300.0,662,52.0,1,3,0,13,0
39,31300.0,609,96.9,0,4,0,6,1
37,18600.0,487,77.2,0,4,0,1,1
47,48300.0,527,45.0,1,5,0,10,0
41,46900.0,494,66.8,1,3,1,20,0
35,36800.0,503,59.5,1,3,0,2,0
46,54400.0,476,64.7,1,0,0,8,0
32,26100.0,486,68.9,0,5,1,7,1
32,76800.0,615,50.4,1,2,1,9,0
33,77300.0,512,35.4,0,3,0,10,1
56,89700.0,589,59.0,1,4,0,0,0
18,29800.0,380,50.7,0,3,1,0,1
44,22500.0,529,54.4,0,0,0,14,0
40,26000.0,519,75.1,0,0,0,3,1
19,35200.0,476,89.9,0,4,0,0,1
43,26300.0,501,64.2,1,4,1,3,0
45,85700.0,561,56.2,0,4,0,9,0
47,89300.0,608,60.4,1,2,0,10,0
18,53100.0,487,71.0,1,4,0,0,0
56,30500.0,558,63.1,1,5,0,22,0
31,86300.0,559,29.1,0,0,1,12,1
48,28000.0,580,35.7,0,0,0,14,0
48,88600.0,618,40.6,1,3,0,2,0
29,21000.0,488,89.3,1,4,0,6,0
47,31700.0,601,50.5,1,2,0,6,0
35,67400.0,558,63.6,0,5,0,16,0
18,36000.0,537,51.4,1,1,0,0,0
54,36200.0,574,67.1,1,3,0,21,0
30,36400.0,404,76.1,0,5,0,3,1
29,72000.0,595,41.3,1,2,0,10,0
35,39000.0,515,67.0,1,4,0,15,0
43,58300.0,541,50.4,1,2,0,15,0
39,28700.0,520,79.1,1,1,0,7,0
46,37600.0,512,68.5,1,5,0,2,0
23,63500.0,520,55.4,0,2,0,3,1
31,85800.0,518,69.1,1,1,0,0,0
38,61000.0,600,65.5,1,1,0,9,0
62,54800.0,573,47.7,0,5,1,1,0
38,63400.0,520,53.3,0,1,0,6,0
53,32700.0,492,65.8,1,5,0,26,0
40,38700.0,532,65.7,0,2,0,14,1
34,61900.0,539,93.1,0,4,0,6,1
37,29500.0,522,73.8,1,0,0,12,0
37,30800.0,453,37.1,1,0,0,9,0
47,21800.0,435,63.1,0,2,0,8,1
56,50000.0,593,31.0,0,4,1,5,0
44,99300.0,661,35.3,1,0,0,23,0
54,81200.0,537,17.7,1,1,1,11,0
28,31800.0,567,54.2,0,2,0,6,0
35,104000.0,588,15.6,1,2,0,13,0
31,21300.0,482,77.3,0,3,0,10,1
43,28500.0,494,68.6,0,3,0,19,1
35,36500.0,437,69.9,0,3,0,6,1
48,21300.0,566,69.9,0,5,0,7,0
28,71900.0,489,30.3,1,4,0,7,0
40,112200.0,553,42.8,1,2,0,7,0
48,83700.0,629,75.4,1,3,0,1,0
18,79800.0,421,54.2,0,2,0,0,1
65,34400.0,488,59.9,0,1,1,13,1
36,42800.0,513,41.4,1,3,0,9,0
18,41500.0,492,49.8,1,2,0,0,0
41,83900.0,590,53.2,1,4,0,17,0
40,39400.0,504,80.4,0,5,0,17,0
39,104400.0,708,42.2,0,4,0,17,0
51,72200.0,562,63.1,0,4,0,15,0
48,26800.0,511,79.9,0,3,0,19,1
43,47100.0,493,68.7,0,4,0,4,1
45,39000.0,535,54.5,1,5,0,19,0
38,25800.0,532,72.3,1,0,0,4,0
61,45000.0,627,49.3,0,5,0,19,0
22,37600.0,407,65.2,0,1,0,2,1
41,87900.0,557,49.8,1,5,0,9,0
40,33400.0,535,91.8,0,2,0,16,0
49,51300.0,578,39.8,0,0,1,29,0
29,69200.0,527,59.6,1,3,0,0,0
19,55800.0,520,79.9,0,2,0,0,1
41,38300.0,479,76.1,0,5,0,17,0
43,84700.0,648,58.6,1,2,0,12,0
57,32200.0,595,75.9,1,4,0,16,0
24,28700.0,409,88.0,0,2,0,3,1
53,20200.0,472,55.6,1,2,0,14,0
68,72200.0,555,30.3,0,5,1,25,0
35,46400.0,550,61.3,1,1,0,11,0
24,56700.0,440,24.9,1,5,0,3,0
35,36600.0,490,83.8,1,3,0,9,1
40,38400.0,541,83.0,1,0,0,12,0
46,30400.0,519,61.3,1,4,0,10,0
32,27900.0,504,63.3,0,1,0,2,1
58,17900.0,480,71.7,1,0,0,21,0
26,106400.0,588,38.2,0,0,0,7,0
19,29400.0,436,70.2,0,1,0,0,1
53,30300.0,520,76.3,1,4,0,9,0
18,43700.0,491,59.9,0,3,0,0,1
37,49700.0,528,74.3,0,1,0,10,1
75,28400.0,579,75.3,1,1,0,37,0
39,46200.0,486,52.4,1,1,0,0,0
26,60000.0,496,76.0,0,4,0,5,1
39,77300.0,555,28.7,0,1,0,4,0
39,45800.0,455,60.3,1,1,0,6,0
41,88000.0,546,59.3,1,2,0,21,0
47,60200.0,573,45.1,1,2,0,11,0
27,52000.0,442,63.9,1,2,0,6,0
60,51300.0,629,67.6,1,2,0,1,0
42,102600.0,650,26.1,1,1,0,0,0
48,57400.0,491,55.9,1,2,0,29,0
32,67000.0,598,50.8,1,0,0,6,0
55,52900.0,555,50.6,1,3,0,24,0
36,17400.0,510,98.0,1,2,0,17,0
43,57800.0,519,45.4,1,4,1,11,0
28,41600.0,543,78.4,1,3,0,6,0
28,50100.0,526,54.1,0,5,0,2,0
48,26300.0,481,53.2,0,5,0,21,0
34,45200.0,454,63.4,1,0,1,2,0
29,98700.0,483,50.3,0,3,0,9,1
32,80600.0,554,61.6,1,3,0,12,0
48,90800.0,615,67.1,1,0,0,26,0
32,23000.0,519,98.0,1,5,0,10,0
38,55200.0,525,61.7,1,2,0,10,0
40,77300.0,499,39.1,0,0,0,4,0
18,31000.0,432,74.4,1,4,0,0,0
22,57100.0,558,53.2,1,0,0,2,0
44,20700.0,484,85.6,0,1,0,1,1
31,79100.0,548,28.9,0,5,0,7,0
52,78700.0,528,84.0,1,1,0,13,0
51,22100.0,540,84.0,1,5,0,5,0
48,72000.0,545,25.9,1,5,0,0,0
61,35600.0,609,55.1,1,3,0,32,0
39,49300.0,566,72.5,1,2,0,7,0
47,31600.0,500,85.0,1,2,0,10,0
32,126300.0,583,10.4,1,5,0,1,0
69,30800.0,541,78.4,0,5,0,23,1
63,32300.0,487,37.9,0,1,0,9,0
40,38800.0,475,63.2,1,4,0,11,0
44,71900.0,569,67.9,1,0,0,19,0
56,61100.0,589,47.3,1,5,0,22,0
38,43100.0,526,40.1,1,5,1,15,0
32,68500.0,517,54.8,1,0,0,4,0
50,95500.0,642,32.7,0,0,0,15,0
40,31700.0,514,76.8,0,4,0,11,1
42,36000.0,555,52.3,0,4,0,5,0
29,20100.0,389,60.4,0,0,0,4,1
19,33900.0,300,36.1,0,5,0,0,1
42,43300.0,541,65.2,0,5,0,0,1
50,44300.0,473,59.9,0,0,1,18,1
37,21400.0,484,53.6,1,5,0,9,0
57,72500.0,571,53.9,1,4,0,24,0
31,60100.0,601,71.4,1,0,0,8,0
27,46900.0,520,58.0,0,4,0,4,1
39,60900.0,547,59.6,1,5,0,2,0
39,42200.0,562,67.2,1,5,0,5,0
49,25800.0,542,51.6,1,3,0,4,0
30,87600.0,524,75.8,0,1,0,0,1
56,45800.0,611,54.6,1,1,0,11,0
63,60800.0,531,65.5,0,4,0,4,1
39,62900.0,557,66.4,0,0,0,8,0
54,27500.0,458,66.9,0,1,0,8,1
27,37200.0,501,74.2,1,5,0,2,0
52,54100.0,567,62.1,1,2,0,0,0
52,32600.0,620,45.7,1,0,0,9,0
50,52100.0,473,54.2,1,4,0,13,0
39,75900.0,523,40.4,1,5,0,6,0
18,88200.0,565,37.8,0,5,0,0,0
32,57400.0,538,37.5,1,2,0,3,0
32,22900.0,495,87.7,0,4,1,9,1
28,51100.0,459,83.6,0,0,0,4,1
41,53700.0,506,73.2,1,5,0,19,0
34,35800.0,566,84.8,0,3,1,15,0
30,38600.0,496,59.4,0,5,1,2,1
27,68000.0,540,43.2,1,3,0,0,0
31,37700.0,493,53.2,1,3,0,12,0
53,76900.0,523,58.9,1,0,1,5,0
32,63900.0,574,57.9,1,0,0,9,0
33,60000.0,551,54.9,0,2,0,4,0
34,40800.0,624,83.1,1,5,0,15,0
44,27100.0,464,75.2,0,0,0,15,1
45,98400.0,629,28.1,1,0,0,10,0
18,137400.0,507,14.8,1,2,0,0,0
52,41200.0,553,73.7,1,2,0,16,0
57,24700.0,587,85.7,1,5,0,4,0
27,47000.0,397,69.5,0,4,0,5,1
28,53700.0,499,87.0,1,1,0,9,0
34,29800.0,469,92.6,0,5,0,4,1
30,83800.0,508,53.1,0,1,0,0,0
42,31800.0,535,54.7,1,4,0,20,0
18,36600.0,528,45.7,1,3,0,0,0
26,47700.0,493,55.1,1,5,0,1,0
58,35800.0,562,77.0,1,0,0,16,0
28,58600.0,520,83.9,0,2,0,2,1
54,48000.0,556,67.0,0,5,0,28,0
44,39700.0,473,81.6,0,2,0,1,1
18,64900.0,556,50.4,1,3,0,0,0
47,36900.0,545,74.6,0,2,0,28,0
38,50300.0,546,72.2,1,3,0,16,0
34,34900.0,462,36.4,0,4,0,3,1
42,86600.0,547,39.2,1,3,0,1,0
45,20500.0,501,86.1,1,1,0,4,0
48,47600.0,466,65.1,0,5,0,9,1
54,63100.0,486,36.8,1,3,0,0,1
44,32200.0,490,30.7,0,5,0,25,0
23,51400.0,523,54.0,0,4,0,0,1
34,49600.0,484,59.1,1,3,0,10,0
75,28200.0,527,55.4,0,4,1,3,1
48,27600.0,482,71.1,1,1,0,6,0
68,78100.0,591,56.4,1,0,0,13,0
56,31700.0,526,77.4,0,4,0,17,1
42,47800.0,640,25.5,0,0,0,1,0
43,43300.0,581,43.0,1,4,0,0,0
39,38100.0,567,60.2,1,3,1,20,0
19,19000.0,515,81.0,1,0,0,0,0
40,25700.0,455,77.1,0,4,0,21,1
54,48900.0,495,67.5,0,5,0,15,1
32,44600.0,453,56.4,1,4,0,12,0
44,37100.0,591,60.3,0,0,0,21,0
50,42300.0,514,52.2,1,5,0,17,0
29,41500.0,436,74.9,1,4,1,6,0
34,101100.0,547,25.8,0,0,0,5,0
27,65800.0,507,66.4,1,1,0,7,0
30,47700.0,521,64.0,1,2,0,5,0
24,56400.0,516,56.7,0,1,0,0,1
29,45400.0,461,52.0,1,0,0,9,0
57,33700.0,581,46.2,1,3,0,1,0
29,51700.0,477,49.6,0,3,0,6,1
41,54700.0,528,53.2,0,2,0,20,0
33,49300.0,549,24.7,0,0,0,0,1
54,73800.0,549,47.5,1,5,0,34,0
55,72900.0,554,64.7,1,4,0,19,0
50,39700.0,569,72.6,0,1,0,11,0
43,31200.0,474,60.1,1,5,1,1,0
37,29500.0,484,68.9,1,1,1,6,1
25,90200.0,567,35.6,1,2,0,0,0
63,35700.0,664,68.0,1,2,0,18,0
30,62900.0,553,78.0,1,2,0,11,0
47,77100.0,594,63.7,0,5,0,8,0
52,83300.0,613,54.5,0,5,0,26,0
33,58900.0,471,49.0,0,2,0,13,1
52,45300.0,555,73.1,0,5,0,1,1
49,74300.0,570,25.0,0,2,0,20,0
60,40600.0,576,60.0,0,5,0,3,0
34,88100.0,561,53.5,1,2,0,11,0
24,63900.0,530,65.6,1,4,0,2,0
33,67100.0,517,63.2,1,4,0,4,0
42,15000.0,501,78.4,1,1,0,15,0
40,36400.0,455,62.5,1,1,0,21,0
35,21400.0,475,79.5,1,2,0,16,0
18,40900.0,546,49.3,1,1,0,0,0
45,62100.0,567,42.5,1,5,0,1,0
63,73600.0,598,51.5,1,2,0,16,0
45,39700.0,624,66.7,1,4,0,18,0
47,71100.0,497,24.2,0,3,0,7,0
46,39200.0,475,71.2,1,4,0,23,0
44,34200.0,607,77.9,0,0,0,19,0
51,54400.0,558,57.1,0,4,1,11,0
44,52600.0,528,94.6,0,0,0,24,0
36,30300.0,442,57.6,0,1,0,17,1
30,20000.0,502,66.6,0,4,0,10,1
37,23800.0,525,64.5,1,3,1,1,0
43,52100.0,483,58.0,0,5,0,18,0
36,32200.0,497,62.2,0,4,0,9,1
43,50400.0,519,38.7,0,5,0,24,0
45,56300.0,559,49.3,1,4,0,2,0
49,63700.0,505,53.0,0,4,0,24,0
55,96800.0,669,59.7,1,5,0,27,0
40,61800.0,587,88.3,1,5,0,11,0
24,81800.0,511,67.3,0,2,0,1,1
35,46400.0,505,49.8,1,4,0,15,0
40,27600.0,500,58.5,1,4,0,11,0
18,77700.0,474,46.5,1,3,0,0,0
56,63400.0,553,81.4,1,5,0,7,0
41,64400.0,532,51.8,1,5,0,4,0
44,30900.0,599,47.7,1,0,0,10,0
56,25200.0,584,62.4,1,0,0,34,0
32,50300.0,561,71.2,1,5,0,10,0
46,23000.0,533,81.2,1,3,0,22,0
38,45800.0,465,58.7,0,1,0,8,0
37,32300.0,504,77.3,0,4,0,11,0
30,89200.0,597,10.2,0,1,0,5,0
59,77000.0,532,50.7,1,3,1,18,0
35,73700.0,575,63.4,1,1,0,15,0
48,48400.0,660,48.1,1,0,0,20,0
18,53400.0,542,46.1,0,2,0,0,1
54,69000.0,647,24.4,0,1,0,31,0
52,50500.0,565,83.6,1,2,1,27,0
41,86500.0,616,34.6,0,1,0,3,0
37,61400.0,499,59.1,1,3,0,17,0
44,55900.0,583,66.7,1,2,0,9,0
67,55400.0,622,80.5,0,1,0,31,0
18,31600.0,482,65.0,1,3,0,0,0
49,46200.0,609,53.4,1,5,0,17,0
29,32100.0,463,69.8,0,0,0,2,1
39,40900.0,509,82.9,1,4,0,7,0
37,67700.0,546,50.4,0,3,0,0,0
34,68300.0,484,38.4,0,3,1,13,0
39,67800.0,557,29.8,1,0,0,5,0
26,26800.0,392,51.0,1,2,0,5,1
52,16100.0,572,86.5,1,1,0,1,0
18,79200.0,517,43.5,1,2,0,0,0
46,38500.0,504,55.5,1,3,0,8,0
36,41000.0,471,52.9,1,5,0,11,0
25,21500.0,459,72.7,1,1,0,4,1
42,59600.0,578,52.6,1,4,0,1,0
21,33900.0,503,62.4,0,4,0,2,1
40,46800.0,491,81.5,0,1,0,6,1
22,69300.0,471,75.3,0,3,0,2,1
45,15000.0,537,49.8,1,5,0,9,0
28,22500.0,442,75.9,1,0,0,0,1
34,27100.0,498,57.5,0,5,0,14,0
43,32500.0,524,63.3,1,2,0,13,0
30,25200.0,500,74.6,1,5,1,10,0
39,57800.0,578,53.7,0,5,0,10,0
21,33500.0,412,70.1,1,2,1,1,0
47,89500.0,487,54.3,1,0,0,7,0
61,92000.0,585,47.6,0,0,0,31,0
73,74200.0,710,40.6,0,4,0,18,0
41,71100.0,654,42.1,1,0,0,18,0
49,44600.0,634,40.6,1,1,1,23,0
18,33100.0,459,54.0,0,4,0,0,1
58,34600.0,461,95.6,0,3,0,23,1
49,28800.0,409,56.6,1,4,0,23,0
34,34600.0,471,48.2,0,5,0,0,1
54,52700.0,550,63.7,0,5,0,17,0
36,45800.0,582,60.0,1,4,0,11,0
34,55500.0,566,54.9,0,2,0,8,0
45,48100.0,549,81.9,0,0,0,22,0
27,19500.0,429,80.4,1,5,0,7,1
52,44600.0,500,54.2,0,5,0,17,0
27,48400.0,515,54.3,1,1,0,3,0
27,73700.0,562,43.0,0,0,0,6,0
29,43900.0,521,75.6,0,5,0,5,1
49,33700.0,480,61.9,1,2,0,6,0
32,39700.0,536,37.2,0,5,0,0,0
23,40800.0,508,63.0,0,0,1,4,1
32,21800.0,432,48.2,1,1,0,6,1
39,45500.0,484,94.6,1,0,0,19,0
25,38700.0,523,50.0,1,2,0,0,0
26,68000.0,508,50.4,0,1,0,6,1
65,52000.0,661,63.1,0,0,0,39,1
29,54400.0,537,53.9,0,2,0,9,0
36,54100.0,501,54.0,1,2,0,7,0
35,26000.0,495,75.9,0,4,0,9,1
34,46000.0,517,84.5,1,5,0,0,0
47,22500.0,480,82.5,1,1,0,20,1
51,68800.0,525,74.7,1,1,1,24,0
36,113800.0,620,18.8,1,5,0,13,0
25,55300.0,547,62.6,1,0,0,5,0
55,83300.0,623,49.0,0,4,0,9,0
38,26200.0,577,74.8,1,1,0,18,0
60,43300.0,536,83.3,0,2,0,8,1
18,23700.0,543,67.2,1,1,0,0,0
42,78300.0,517,42.6,0,4,0,19,0
63,71700.0,547,59.3,0,5,0,19,0
35,38700.0,420,37.8,0,3,1,7,1
37,48900.0,500,56.9,1,5,0,6,0
43,92000.0,552,41.2,1,2,1,10,0
33,100400.0,592,26.0,1,1,0,4,0
36,51100.0,535,75.4,1,5,0,5,0
35,39600.0,449,48.2,0,2,0,14,0
32,60700.0,505,53.7,0,0,0,2,0
54,36300.0,525,69.9,1,2,1,14,0
45,21500.0,422,91.7,1,1,0,5,0
43,21800.0,458,71.1,0,0,0,23,1
49,86900.0,546,59.3,1,0,1,9,0
36,28900.0,572,78.9,0,0,0,13,1
30,44700.0,514,64.0,0,3,0,10,0
32,40100.0,537,47.6,1,3,0,8,0
40,79700.0,484,26.6,0,0,0,2,1
27,72600.0,586,52.5,1,5,0,7,0
33,52200.0,583,51.0,0,5,0,11,0
33,28300.0,394,82.5,0,5,0,2,1
65,18700.0,513,83.7,0,1,0,1,1
18,54700.0,515,55.4,1,0,0,0,0
37,30200.0,536,50.6,1,5,0,13,0
